<?xml version="1.0" encoding="ISO-8859-1"?>

<carparkData>
  <Northwest>
    <carpark name="PARNELL" spaces="177"> </carpark>
    <carpark name="ILAC" spaces="797"> </carpark>
    <carpark name="JERVIS" spaces="452"> </carpark>
    <carpark name="ARNOTTS" spaces="213"> </carpark>
  </Northwest>

  <Northeast>
    <carpark name="MARLBORO" spaces="195"> </carpark>
    <carpark name="ABBEY" spaces=" "> </carpark>
  </Northeast>

  <Southwest>
    <carpark name="THOMASST" spaces="183"> </carpark>
    <carpark name="C/CHURCH" spaces="64"> </carpark>
  </Southwest>

  <Southeast>
    <carpark name="SETANTA" spaces="21"> </carpark>
    <carpark name="DAWSON" spaces="102"> </carpark>
    <carpark name="TRINITY" spaces="173"> </carpark>
    <carpark name="GREENRCS" spaces=" "> </carpark>
    <carpark name="DRURY" spaces="84"> </carpark>
    <carpark name="B/THOMAS" spaces="246"> </carpark>
  </Southeast>

  <Timestamp>15:50:50 on Tuesday 28/05/2019</Timestamp>
</carparkData>
