<?xml version="1.0" encoding="ISO-8859-1"?>

<carparkData>
  <Northwest>
    <carpark name="PARNELL" spaces="345"> </carpark>
    <carpark name="ILAC" spaces=" "> </carpark>
    <carpark name="JERVIS" spaces=" "> </carpark>
    <carpark name="ARNOTTS" spaces="338"> </carpark>
  </Northwest>

  <Northeast>
    <carpark name="MARLBORO" spaces="298"> </carpark>
    <carpark name="ABBEY" spaces=" "> </carpark>
  </Northeast>

  <Southwest>
    <carpark name="THOMASST" spaces=" "> </carpark>
    <carpark name="C/CHURCH" spaces="118"> </carpark>
  </Southwest>

  <Southeast>
    <carpark name="SETANTA" spaces="114"> </carpark>
    <carpark name="DAWSON" spaces="284"> </carpark>
    <carpark name="TRINITY" spaces="227"> </carpark>
    <carpark name="GREENRCS" spaces="1209"> </carpark>
    <carpark name="DRURY" spaces="218"> </carpark>
    <carpark name="B/THOMAS" spaces="328"> </carpark>
  </Southeast>

  <Timestamp>19:50:50 on Tuesday 28/05/2019</Timestamp>
</carparkData>
