<?xml version="1.0" encoding="ISO-8859-1"?>

<carparkData>
  <Northwest>
    <carpark name="PARNELL" spaces="392"> </carpark>
    <carpark name="ILAC" spaces="990"> </carpark>
    <carpark name="JERVIS" spaces="199"> </carpark>
    <carpark name="ARNOTTS" spaces="351"> </carpark>
  </Northwest>

  <Northeast>
    <carpark name="MARLBORO" spaces="300"> </carpark>
    <carpark name="ABBEY" spaces=" "> </carpark>
  </Northeast>

  <Southwest>
    <carpark name="THOMASST" spaces="230"> </carpark>
    <carpark name="C/CHURCH" spaces="156"> </carpark>
  </Southwest>

  <Southeast>
    <carpark name="SETANTA" spaces="123"> </carpark>
    <carpark name="DAWSON" spaces="313"> </carpark>
    <carpark name="TRINITY" spaces="261"> </carpark>
    <carpark name="GREENRCS" spaces="1070"> </carpark>
    <carpark name="DRURY" spaces="330"> </carpark>
    <carpark name="B/THOMAS" spaces="381"> </carpark>
  </Southeast>

  <Timestamp>07:30:50 on Tuesday 28/05/2019</Timestamp>
</carparkData>
