<?xml version="1.0" encoding="ISO-8859-1"?>

<carparkData>
  <Northwest>
    <carpark name="PARNELL" spaces="126"> </carpark>
    <carpark name="ILAC" spaces="692"> </carpark>
    <carpark name="JERVIS" spaces="540"> </carpark>
    <carpark name="ARNOTTS" spaces="310"> </carpark>
  </Northwest>

  <Northeast>
    <carpark name="MARLBORO" spaces="164"> </carpark>
    <carpark name="ABBEY" spaces=" "> </carpark>
  </Northeast>

  <Southwest>
    <carpark name="THOMASST" spaces="166"> </carpark>
    <carpark name="C/CHURCH" spaces="43"> </carpark>
  </Southwest>

  <Southeast>
    <carpark name="SETANTA" spaces="FULL"> </carpark>
    <carpark name="DAWSON" spaces="61"> </carpark>
    <carpark name="TRINITY" spaces="148"> </carpark>
    <carpark name="GREENRCS" spaces=" "> </carpark>
    <carpark name="DRURY" spaces="36"> </carpark>
    <carpark name="B/THOMAS" spaces="211"> </carpark>
  </Southeast>

  <Timestamp>12:20:50 on Tuesday 28/05/2019</Timestamp>
</carparkData>
