<?xml version="1.0" encoding="ISO-8859-1"?>

<carparkData>
  <Northwest>
    <carpark name="PARNELL" spaces="331"> </carpark>
    <carpark name="ILAC" spaces="919"> </carpark>
    <carpark name="JERVIS" spaces="552"> </carpark>
    <carpark name="ARNOTTS" spaces="298"> </carpark>
  </Northwest>

  <Northeast>
    <carpark name="MARLBORO" spaces="279"> </carpark>
    <carpark name="ABBEY" spaces=" "> </carpark>
  </Northeast>

  <Southwest>
    <carpark name="THOMASST" spaces="231"> </carpark>
    <carpark name="C/CHURCH" spaces="117"> </carpark>
  </Southwest>

  <Southeast>
    <carpark name="SETANTA" spaces=" "> </carpark>
    <carpark name="DAWSON" spaces="235"> </carpark>
    <carpark name="TRINITY" spaces="224"> </carpark>
    <carpark name="GREENRCS" spaces=" "> </carpark>
    <carpark name="DRURY" spaces="162"> </carpark>
    <carpark name="B/THOMAS" spaces=" "> </carpark>
  </Southeast>

  <Timestamp>18:16:50 on Tuesday 28/05/2019</Timestamp>
</carparkData>
