<?xml version="1.0" encoding="ISO-8859-1"?>

<carparkData>
  <Northwest>
    <carpark name="PARNELL" spaces="222"> </carpark>
    <carpark name="ILAC" spaces="925"> </carpark>
    <carpark name="JERVIS" spaces="810"> </carpark>
    <carpark name="ARNOTTS" spaces="314"> </carpark>
  </Northwest>

  <Northeast>
    <carpark name="MARLBORO" spaces="224"> </carpark>
    <carpark name="ABBEY" spaces=" "> </carpark>
  </Northeast>

  <Southwest>
    <carpark name="THOMASST" spaces="210"> </carpark>
    <carpark name="C/CHURCH" spaces="116"> </carpark>
  </Southwest>

  <Southeast>
    <carpark name="SETANTA" spaces="55"> </carpark>
    <carpark name="DAWSON" spaces="184"> </carpark>
    <carpark name="TRINITY" spaces="207"> </carpark>
    <carpark name="GREENRCS" spaces=" "> </carpark>
    <carpark name="DRURY" spaces="203"> </carpark>
    <carpark name="B/THOMAS" spaces="363"> </carpark>
  </Southeast>

  <Timestamp>09:20:50 on Tuesday 28/05/2019</Timestamp>
</carparkData>
