<?xml version="1.0" encoding="ISO-8859-1"?>

<carparkData>
  <Northwest>
    <carpark name="PARNELL" spaces="153"> </carpark>
    <carpark name="ILAC" spaces="790"> </carpark>
    <carpark name="JERVIS" spaces="681"> </carpark>
    <carpark name="ARNOTTS" spaces="309"> </carpark>
  </Northwest>

  <Northeast>
    <carpark name="MARLBORO" spaces="171"> </carpark>
    <carpark name="ABBEY" spaces=" "> </carpark>
  </Northeast>

  <Southwest>
    <carpark name="THOMASST" spaces="187"> </carpark>
    <carpark name="C/CHURCH" spaces="78"> </carpark>
  </Southwest>

  <Southeast>
    <carpark name="SETANTA" spaces="34"> </carpark>
    <carpark name="DAWSON" spaces="109"> </carpark>
    <carpark name="TRINITY" spaces="176"> </carpark>
    <carpark name="GREENRCS" spaces=" "> </carpark>
    <carpark name="DRURY" spaces="121"> </carpark>
    <carpark name="B/THOMAS" spaces="279"> </carpark>
  </Southeast>

  <Timestamp>10:30:50 on Tuesday 28/05/2019</Timestamp>
</carparkData>
