<?xml version="1.0" encoding="ISO-8859-1"?>

<carparkData>
  <Northwest>
    <carpark name="PARNELL" spaces="332"> </carpark>
    <carpark name="ILAC" spaces="932"> </carpark>
    <carpark name="JERVIS" spaces="568"> </carpark>
    <carpark name="ARNOTTS" spaces="303"> </carpark>
  </Northwest>

  <Northeast>
    <carpark name="MARLBORO" spaces="283"> </carpark>
    <carpark name="ABBEY" spaces=" "> </carpark>
  </Northeast>

  <Southwest>
    <carpark name="THOMASST" spaces="235"> </carpark>
    <carpark name="C/CHURCH" spaces="118"> </carpark>
  </Southwest>

  <Southeast>
    <carpark name="SETANTA" spaces="112"> </carpark>
    <carpark name="DAWSON" spaces="249"> </carpark>
    <carpark name="TRINITY" spaces="230"> </carpark>
    <carpark name="GREENRCS" spaces=" "> </carpark>
    <carpark name="DRURY" spaces="172"> </carpark>
    <carpark name="B/THOMAS" spaces="311"> </carpark>
  </Southeast>

  <Timestamp>18:30:50 on Tuesday 28/05/2019</Timestamp>
</carparkData>
