<?xml version="1.0" encoding="ISO-8859-1"?>

<carparkData>
  <Northwest>
    <carpark name="PARNELL" spaces="186"> </carpark>
    <carpark name="ILAC" spaces="806"> </carpark>
    <carpark name="JERVIS" spaces="453"> </carpark>
    <carpark name="ARNOTTS" spaces="223"> </carpark>
  </Northwest>

  <Northeast>
    <carpark name="MARLBORO" spaces="196"> </carpark>
    <carpark name="ABBEY" spaces=" "> </carpark>
  </Northeast>

  <Southwest>
    <carpark name="THOMASST" spaces="184"> </carpark>
    <carpark name="C/CHURCH" spaces="70"> </carpark>
  </Southwest>

  <Southeast>
    <carpark name="SETANTA" spaces="28"> </carpark>
    <carpark name="DAWSON" spaces="111"> </carpark>
    <carpark name="TRINITY" spaces="180"> </carpark>
    <carpark name="GREENRCS" spaces=" "> </carpark>
    <carpark name="DRURY" spaces="97"> </carpark>
    <carpark name="B/THOMAS" spaces="245"> </carpark>
  </Southeast>

  <Timestamp>16:06:50 on Tuesday 28/05/2019</Timestamp>
</carparkData>
