<?xml version="1.0" encoding="ISO-8859-1"?>

<carparkData>
  <Northwest>
    <carpark name="PARNELL" spaces="366"> </carpark>
    <carpark name="ILAC" spaces=" "> </carpark>
    <carpark name="JERVIS" spaces=" "> </carpark>
    <carpark name="ARNOTTS" spaces=" "> </carpark>
  </Northwest>

  <Northeast>
    <carpark name="MARLBORO" spaces="298"> </carpark>
    <carpark name="ABBEY" spaces=" "> </carpark>
  </Northeast>

  <Southwest>
    <carpark name="THOMASST" spaces=" "> </carpark>
    <carpark name="C/CHURCH" spaces="118"> </carpark>
  </Southwest>

  <Southeast>
    <carpark name="SETANTA" spaces="131"> </carpark>
    <carpark name="DAWSON" spaces="300"> </carpark>
    <carpark name="TRINITY" spaces="226"> </carpark>
    <carpark name="GREENRCS" spaces="1206"> </carpark>
    <carpark name="DRURY" spaces="247"> </carpark>
    <carpark name="B/THOMAS" spaces="350"> </carpark>
  </Southeast>

  <Timestamp>20:36:50 on Tuesday 28/05/2019</Timestamp>
</carparkData>
