<?xml version="1.0" encoding="ISO-8859-1"?>

<carparkData>
  <Northwest>
    <carpark name="PARNELL" spaces="132"> </carpark>
    <carpark name="ILAC" spaces="762"> </carpark>
    <carpark name="JERVIS" spaces="458"> </carpark>
    <carpark name="ARNOTTS" spaces="186"> </carpark>
  </Northwest>

  <Northeast>
    <carpark name="MARLBORO" spaces="176"> </carpark>
    <carpark name="ABBEY" spaces=" "> </carpark>
  </Northeast>

  <Southwest>
    <carpark name="THOMASST" spaces="169"> </carpark>
    <carpark name="C/CHURCH" spaces="45"> </carpark>
  </Southwest>

  <Southeast>
    <carpark name="SETANTA" spaces="12"> </carpark>
    <carpark name="DAWSON" spaces="78"> </carpark>
    <carpark name="TRINITY" spaces="146"> </carpark>
    <carpark name="GREENRCS" spaces="610"> </carpark>
    <carpark name="DRURY" spaces="47"> </carpark>
    <carpark name="B/THOMAS" spaces="215"> </carpark>
  </Southeast>

  <Timestamp>14:36:50 on Tuesday 28/05/2019</Timestamp>
</carparkData>
