<?xml version="1.0" encoding="ISO-8859-1"?>

<carparkData>
  <Northwest>
    <carpark name="PARNELL" spaces="122"> </carpark>
    <carpark name="ILAC" spaces="721"> </carpark>
    <carpark name="JERVIS" spaces="605"> </carpark>
    <carpark name="ARNOTTS" spaces="301"> </carpark>
  </Northwest>

  <Northeast>
    <carpark name="MARLBORO" spaces="171"> </carpark>
    <carpark name="ABBEY" spaces=" "> </carpark>
  </Northeast>

  <Southwest>
    <carpark name="THOMASST" spaces="176"> </carpark>
    <carpark name="C/CHURCH" spaces="41"> </carpark>
  </Southwest>

  <Southeast>
    <carpark name="SETANTA" spaces="18"> </carpark>
    <carpark name="DAWSON" spaces="67"> </carpark>
    <carpark name="TRINITY" spaces="162"> </carpark>
    <carpark name="GREENRCS" spaces="637"> </carpark>
    <carpark name="DRURY" spaces="56"> </carpark>
    <carpark name="B/THOMAS" spaces="230"> </carpark>
  </Southeast>

  <Timestamp>11:20:50 on Tuesday 28/05/2019</Timestamp>
</carparkData>
