<?xml version="1.0" encoding="ISO-8859-1"?>

<carparkData>
  <Northwest>
    <carpark name="PARNELL" spaces="204"> </carpark>
    <carpark name="ILAC" spaces="905"> </carpark>
    <carpark name="JERVIS" spaces="774"> </carpark>
    <carpark name="ARNOTTS" spaces="315"> </carpark>
  </Northwest>

  <Northeast>
    <carpark name="MARLBORO" spaces="208"> </carpark>
    <carpark name="ABBEY" spaces=" "> </carpark>
  </Northeast>

  <Southwest>
    <carpark name="THOMASST" spaces="206"> </carpark>
    <carpark name="C/CHURCH" spaces="104"> </carpark>
  </Southwest>

  <Southeast>
    <carpark name="SETANTA" spaces="44"> </carpark>
    <carpark name="DAWSON" spaces="171"> </carpark>
    <carpark name="TRINITY" spaces="207"> </carpark>
    <carpark name="GREENRCS" spaces=" "> </carpark>
    <carpark name="DRURY" spaces="179"> </carpark>
    <carpark name="B/THOMAS" spaces="358"> </carpark>
  </Southeast>

  <Timestamp>09:36:50 on Tuesday 28/05/2019</Timestamp>
</carparkData>
