<?xml version="1.0" encoding="ISO-8859-1"?>

<carparkData>
  <Northwest>
    <carpark name="PARNELL" spaces="303"> </carpark>
    <carpark name="ILAC" spaces="895"> </carpark>
    <carpark name="JERVIS" spaces="528"> </carpark>
    <carpark name="ARNOTTS" spaces="278"> </carpark>
  </Northwest>

  <Northeast>
    <carpark name="MARLBORO" spaces="266"> </carpark>
    <carpark name="ABBEY" spaces=" "> </carpark>
  </Northeast>

  <Southwest>
    <carpark name="THOMASST" spaces="227"> </carpark>
    <carpark name="C/CHURCH" spaces="115"> </carpark>
  </Southwest>

  <Southeast>
    <carpark name="SETANTA" spaces="98"> </carpark>
    <carpark name="DAWSON" spaces="221"> </carpark>
    <carpark name="TRINITY" spaces="220"> </carpark>
    <carpark name="GREENRCS" spaces=" "> </carpark>
    <carpark name="DRURY" spaces="151"> </carpark>
    <carpark name="B/THOMAS" spaces="303"> </carpark>
  </Southeast>

  <Timestamp>17:50:50 on Tuesday 28/05/2019</Timestamp>
</carparkData>
