<?xml version="1.0" encoding="ISO-8859-1"?>

<carparkData>
  <Northwest>
    <carpark name="PARNELL" spaces="209"> </carpark>
    <carpark name="ILAC" spaces="912"> </carpark>
    <carpark name="JERVIS" spaces="791"> </carpark>
    <carpark name="ARNOTTS" spaces="315"> </carpark>
  </Northwest>

  <Northeast>
    <carpark name="MARLBORO" spaces="213"> </carpark>
    <carpark name="ABBEY" spaces=" "> </carpark>
  </Northeast>

  <Southwest>
    <carpark name="THOMASST" spaces="206"> </carpark>
    <carpark name="C/CHURCH" spaces="112"> </carpark>
  </Southwest>

  <Southeast>
    <carpark name="SETANTA" spaces="49"> </carpark>
    <carpark name="DAWSON" spaces="174"> </carpark>
    <carpark name="TRINITY" spaces="208"> </carpark>
    <carpark name="GREENRCS" spaces="791"> </carpark>
    <carpark name="DRURY" spaces="189"> </carpark>
    <carpark name="B/THOMAS" spaces="363"> </carpark>
  </Southeast>

  <Timestamp>09:30:50 on Tuesday 28/05/2019</Timestamp>
</carparkData>
