<?xml version="1.0" encoding="ISO-8859-1"?>

<carparkData>
  <Northwest>
    <carpark name="PARNELL" spaces="140"> </carpark>
    <carpark name="ILAC" spaces="771"> </carpark>
    <carpark name="JERVIS" spaces="660"> </carpark>
    <carpark name="ARNOTTS" spaces="305"> </carpark>
  </Northwest>

  <Northeast>
    <carpark name="MARLBORO" spaces="165"> </carpark>
    <carpark name="ABBEY" spaces=" "> </carpark>
  </Northeast>

  <Southwest>
    <carpark name="THOMASST" spaces="181"> </carpark>
    <carpark name="C/CHURCH" spaces="66"> </carpark>
  </Southwest>

  <Southeast>
    <carpark name="SETANTA" spaces=" "> </carpark>
    <carpark name="DAWSON" spaces="97"> </carpark>
    <carpark name="TRINITY" spaces="177"> </carpark>
    <carpark name="GREENRCS" spaces=" "> </carpark>
    <carpark name="DRURY" spaces="110"> </carpark>
    <carpark name="B/THOMAS" spaces="271"> </carpark>
  </Southeast>

  <Timestamp>10:46:50 on Tuesday 28/05/2019</Timestamp>
</carparkData>
