<?xml version="1.0" encoding="ISO-8859-1"?>

<carparkData>
  <Northwest>
    <carpark name="PARNELL" spaces="343"> </carpark>
    <carpark name="ILAC" spaces=" "> </carpark>
    <carpark name="JERVIS" spaces=" "> </carpark>
    <carpark name="ARNOTTS" spaces="327"> </carpark>
  </Northwest>

  <Northeast>
    <carpark name="MARLBORO" spaces="297"> </carpark>
    <carpark name="ABBEY" spaces=" "> </carpark>
  </Northeast>

  <Southwest>
    <carpark name="THOMASST" spaces=" "> </carpark>
    <carpark name="C/CHURCH" spaces="132"> </carpark>
  </Southwest>

  <Southeast>
    <carpark name="SETANTA" spaces="108"> </carpark>
    <carpark name="DAWSON" spaces="274"> </carpark>
    <carpark name="TRINITY" spaces="229"> </carpark>
    <carpark name="GREENRCS" spaces="1183"> </carpark>
    <carpark name="DRURY" spaces="203"> </carpark>
    <carpark name="B/THOMAS" spaces="318"> </carpark>
  </Southeast>

  <Timestamp>19:16:50 on Tuesday 28/05/2019</Timestamp>
</carparkData>
