<?xml version="1.0" encoding="ISO-8859-1"?>

<carparkData>
  <Northwest>
    <carpark name="PARNELL" spaces="483"> </carpark>
    <carpark name="ILAC" spaces=" "> </carpark>
    <carpark name="JERVIS" spaces=" "> </carpark>
    <carpark name="ARNOTTS" spaces=" "> </carpark>
  </Northwest>

  <Northeast>
    <carpark name="MARLBORO" spaces="343"> </carpark>
    <carpark name="ABBEY" spaces=" "> </carpark>
  </Northeast>

  <Southwest>
    <carpark name="THOMASST" spaces=" "> </carpark>
    <carpark name="C/CHURCH" spaces=" "> </carpark>
  </Southwest>

  <Southeast>
    <carpark name="SETANTA" spaces=" "> </carpark>
    <carpark name="DAWSON" spaces=" "> </carpark>
    <carpark name="TRINITY" spaces="302"> </carpark>
    <carpark name="GREENRCS" spaces="1196"> </carpark>
    <carpark name="DRURY" spaces=" "> </carpark>
    <carpark name="B/THOMAS" spaces=" "> </carpark>
  </Southeast>

  <Timestamp>06:00:50 on Tuesday 28/05/2019</Timestamp>
</carparkData>
