<?xml version="1.0" encoding="ISO-8859-1"?>

<carparkData>
  <Northwest>
    <carpark name="PARNELL" spaces="341"> </carpark>
    <carpark name="ILAC" spaces=" "> </carpark>
    <carpark name="JERVIS" spaces=" "> </carpark>
    <carpark name="ARNOTTS" spaces="329"> </carpark>
  </Northwest>

  <Northeast>
    <carpark name="MARLBORO" spaces="298"> </carpark>
    <carpark name="ABBEY" spaces=" "> </carpark>
  </Northeast>

  <Southwest>
    <carpark name="THOMASST" spaces=" "> </carpark>
    <carpark name="C/CHURCH" spaces="130"> </carpark>
  </Southwest>

  <Southeast>
    <carpark name="SETANTA" spaces="108"> </carpark>
    <carpark name="DAWSON" spaces="274"> </carpark>
    <carpark name="TRINITY" spaces="232"> </carpark>
    <carpark name="GREENRCS" spaces=" "> </carpark>
    <carpark name="DRURY" spaces="206"> </carpark>
    <carpark name="B/THOMAS" spaces="320"> </carpark>
  </Southeast>

  <Timestamp>19:20:50 on Tuesday 28/05/2019</Timestamp>
</carparkData>
