<?xml version="1.0" encoding="ISO-8859-1"?>

<carparkData>
  <Northwest>
    <carpark name="PARNELL" spaces="147"> </carpark>
    <carpark name="ILAC" spaces="780"> </carpark>
    <carpark name="JERVIS" spaces="670"> </carpark>
    <carpark name="ARNOTTS" spaces="307"> </carpark>
  </Northwest>

  <Northeast>
    <carpark name="MARLBORO" spaces="168"> </carpark>
    <carpark name="ABBEY" spaces=" "> </carpark>
  </Northeast>

  <Southwest>
    <carpark name="THOMASST" spaces="186"> </carpark>
    <carpark name="C/CHURCH" spaces="74"> </carpark>
  </Southwest>

  <Southeast>
    <carpark name="SETANTA" spaces="30"> </carpark>
    <carpark name="DAWSON" spaces="103"> </carpark>
    <carpark name="TRINITY" spaces="173"> </carpark>
    <carpark name="GREENRCS" spaces="679"> </carpark>
    <carpark name="DRURY" spaces="117"> </carpark>
    <carpark name="B/THOMAS" spaces="272"> </carpark>
  </Southeast>

  <Timestamp>10:36:50 on Tuesday 28/05/2019</Timestamp>
</carparkData>
