<?xml version="1.0" encoding="ISO-8859-1"?>

<carparkData>
  <Northwest>
    <carpark name="PARNELL" spaces="304"> </carpark>
    <carpark name="ILAC" spaces="959"> </carpark>
    <carpark name="JERVIS" spaces="903"> </carpark>
    <carpark name="ARNOTTS" spaces="319"> </carpark>
  </Northwest>

  <Northeast>
    <carpark name="MARLBORO" spaces="252"> </carpark>
    <carpark name="ABBEY" spaces=" "> </carpark>
  </Northeast>

  <Southwest>
    <carpark name="THOMASST" spaces="215"> </carpark>
    <carpark name="C/CHURCH" spaces="133"> </carpark>
  </Southwest>

  <Southeast>
    <carpark name="SETANTA" spaces="82"> </carpark>
    <carpark name="DAWSON" spaces="226"> </carpark>
    <carpark name="TRINITY" spaces="231"> </carpark>
    <carpark name="GREENRCS" spaces="899"> </carpark>
    <carpark name="DRURY" spaces="253"> </carpark>
    <carpark name="B/THOMAS" spaces="374"> </carpark>
  </Southeast>

  <Timestamp>08:36:50 on Tuesday 28/05/2019</Timestamp>
</carparkData>
