<?xml version="1.0" encoding="ISO-8859-1"?>

<carparkData>
  <Northwest>
    <carpark name="PARNELL" spaces="284"> </carpark>
    <carpark name="ILAC" spaces="871"> </carpark>
    <carpark name="JERVIS" spaces="508"> </carpark>
    <carpark name="ARNOTTS" spaces="268"> </carpark>
  </Northwest>

  <Northeast>
    <carpark name="MARLBORO" spaces="257"> </carpark>
    <carpark name="ABBEY" spaces=" "> </carpark>
  </Northeast>

  <Southwest>
    <carpark name="THOMASST" spaces="224"> </carpark>
    <carpark name="C/CHURCH" spaces="119"> </carpark>
  </Southwest>

  <Southeast>
    <carpark name="SETANTA" spaces="87"> </carpark>
    <carpark name="DAWSON" spaces="204"> </carpark>
    <carpark name="TRINITY" spaces="217"> </carpark>
    <carpark name="GREENRCS" spaces=" "> </carpark>
    <carpark name="DRURY" spaces="160"> </carpark>
    <carpark name="B/THOMAS" spaces="295"> </carpark>
  </Southeast>

  <Timestamp>17:30:50 on Tuesday 28/05/2019</Timestamp>
</carparkData>
