<?xml version="1.0" encoding="ISO-8859-1"?>

<carparkData>
  <Northwest>
    <carpark name="PARNELL" spaces="129"> </carpark>
    <carpark name="ILAC" spaces="740"> </carpark>
    <carpark name="JERVIS" spaces="633"> </carpark>
    <carpark name="ARNOTTS" spaces="301"> </carpark>
  </Northwest>

  <Northeast>
    <carpark name="MARLBORO" spaces="171"> </carpark>
    <carpark name="ABBEY" spaces=" "> </carpark>
  </Northeast>

  <Southwest>
    <carpark name="THOMASST" spaces="178"> </carpark>
    <carpark name="C/CHURCH" spaces="45"> </carpark>
  </Southwest>

  <Southeast>
    <carpark name="SETANTA" spaces="19"> </carpark>
    <carpark name="DAWSON" spaces="76"> </carpark>
    <carpark name="TRINITY" spaces="168"> </carpark>
    <carpark name="GREENRCS" spaces="636"> </carpark>
    <carpark name="DRURY" spaces="75"> </carpark>
    <carpark name="B/THOMAS" spaces="242"> </carpark>
  </Southeast>

  <Timestamp>11:06:50 on Tuesday 28/05/2019</Timestamp>
</carparkData>
