<?xml version="1.0" encoding="ISO-8859-1"?>

<carparkData>
  <Northwest>
    <carpark name="PARNELL" spaces="167"> </carpark>
    <carpark name="ILAC" spaces="788"> </carpark>
    <carpark name="JERVIS" spaces="450"> </carpark>
    <carpark name="ARNOTTS" spaces="207"> </carpark>
  </Northwest>

  <Northeast>
    <carpark name="MARLBORO" spaces="186"> </carpark>
    <carpark name="ABBEY" spaces=" "> </carpark>
  </Northeast>

  <Southwest>
    <carpark name="THOMASST" spaces="178"> </carpark>
    <carpark name="C/CHURCH" spaces="62"> </carpark>
  </Southwest>

  <Southeast>
    <carpark name="SETANTA" spaces="22"> </carpark>
    <carpark name="DAWSON" spaces="90"> </carpark>
    <carpark name="TRINITY" spaces="168"> </carpark>
    <carpark name="GREENRCS" spaces=" "> </carpark>
    <carpark name="DRURY" spaces="70"> </carpark>
    <carpark name="B/THOMAS" spaces="243"> </carpark>
  </Southeast>

  <Timestamp>15:36:50 on Tuesday 28/05/2019</Timestamp>
</carparkData>
