<?xml version="1.0" encoding="ISO-8859-1"?>

<carparkData>
  <Northwest>
    <carpark name="PARNELL" spaces="331"> </carpark>
    <carpark name="ILAC" spaces="925"> </carpark>
    <carpark name="JERVIS" spaces="558"> </carpark>
    <carpark name="ARNOTTS" spaces="300"> </carpark>
  </Northwest>

  <Northeast>
    <carpark name="MARLBORO" spaces="284"> </carpark>
    <carpark name="ABBEY" spaces=" "> </carpark>
  </Northeast>

  <Southwest>
    <carpark name="THOMASST" spaces=" "> </carpark>
    <carpark name="C/CHURCH" spaces="118"> </carpark>
  </Southwest>

  <Southeast>
    <carpark name="SETANTA" spaces="107"> </carpark>
    <carpark name="DAWSON" spaces="242"> </carpark>
    <carpark name="TRINITY" spaces="224"> </carpark>
    <carpark name="GREENRCS" spaces=" "> </carpark>
    <carpark name="DRURY" spaces="167"> </carpark>
    <carpark name="B/THOMAS" spaces="307"> </carpark>
  </Southeast>

  <Timestamp>18:20:50 on Tuesday 28/05/2019</Timestamp>
</carparkData>
