<?xml version="1.0" encoding="ISO-8859-1"?>

<carparkData>
  <Northwest>
    <carpark name="PARNELL" spaces="247"> </carpark>
    <carpark name="ILAC" spaces="848"> </carpark>
    <carpark name="JERVIS" spaces="477"> </carpark>
    <carpark name="ARNOTTS" spaces="245"> </carpark>
  </Northwest>

  <Northeast>
    <carpark name="MARLBORO" spaces="226"> </carpark>
    <carpark name="ABBEY" spaces=" "> </carpark>
  </Northeast>

  <Southwest>
    <carpark name="THOMASST" spaces="204"> </carpark>
    <carpark name="C/CHURCH" spaces="107"> </carpark>
  </Southwest>

  <Southeast>
    <carpark name="SETANTA" spaces="55"> </carpark>
    <carpark name="DAWSON" spaces="160"> </carpark>
    <carpark name="TRINITY" spaces="201"> </carpark>
    <carpark name="GREENRCS" spaces=" "> </carpark>
    <carpark name="DRURY" spaces="146"> </carpark>
    <carpark name="B/THOMAS" spaces="284"> </carpark>
  </Southeast>

  <Timestamp>16:50:50 on Tuesday 28/05/2019</Timestamp>
</carparkData>
