<?xml version="1.0" encoding="ISO-8859-1"?>

<carparkData>
  <Northwest>
    <carpark name="PARNELL" spaces="313"> </carpark>
    <carpark name="ILAC" spaces="962"> </carpark>
    <carpark name="JERVIS" spaces="908"> </carpark>
    <carpark name="ARNOTTS" spaces="320"> </carpark>
  </Northwest>

  <Northeast>
    <carpark name="MARLBORO" spaces="258"> </carpark>
    <carpark name="ABBEY" spaces=" "> </carpark>
  </Northeast>

  <Southwest>
    <carpark name="THOMASST" spaces="216"> </carpark>
    <carpark name="C/CHURCH" spaces="135"> </carpark>
  </Southwest>

  <Southeast>
    <carpark name="SETANTA" spaces=" "> </carpark>
    <carpark name="DAWSON" spaces="239"> </carpark>
    <carpark name="TRINITY" spaces="231"> </carpark>
    <carpark name="GREENRCS" spaces=" "> </carpark>
    <carpark name="DRURY" spaces="266"> </carpark>
    <carpark name="B/THOMAS" spaces="376"> </carpark>
  </Southeast>

  <Timestamp>08:30:50 on Tuesday 28/05/2019</Timestamp>
</carparkData>
