<?xml version="1.0" encoding="ISO-8859-1"?>

<carparkData>
  <Northwest>
    <carpark name="PARNELL" spaces="128"> </carpark>
    <carpark name="ILAC" spaces="742"> </carpark>
    <carpark name="JERVIS" spaces="465"> </carpark>
    <carpark name="ARNOTTS" spaces="183"> </carpark>
  </Northwest>

  <Northeast>
    <carpark name="MARLBORO" spaces="175"> </carpark>
    <carpark name="ABBEY" spaces=" "> </carpark>
  </Northeast>

  <Southwest>
    <carpark name="THOMASST" spaces="165"> </carpark>
    <carpark name="C/CHURCH" spaces="47"> </carpark>
  </Southwest>

  <Southeast>
    <carpark name="SETANTA" spaces="9"> </carpark>
    <carpark name="DAWSON" spaces="67"> </carpark>
    <carpark name="TRINITY" spaces="139"> </carpark>
    <carpark name="GREENRCS" spaces=" "> </carpark>
    <carpark name="DRURY" spaces="43"> </carpark>
    <carpark name="B/THOMAS" spaces="210"> </carpark>
  </Southeast>

  <Timestamp>14:20:50 on Tuesday 28/05/2019</Timestamp>
</carparkData>
