<?xml version="1.0" encoding="ISO-8859-1"?>

<carparkData>
  <Northwest>
    <carpark name="PARNELL" spaces="289"> </carpark>
    <carpark name="ILAC" spaces="878"> </carpark>
    <carpark name="JERVIS" spaces="512"> </carpark>
    <carpark name="ARNOTTS" spaces="272"> </carpark>
  </Northwest>

  <Northeast>
    <carpark name="MARLBORO" spaces="260"> </carpark>
    <carpark name="ABBEY" spaces=" "> </carpark>
  </Northeast>

  <Southwest>
    <carpark name="THOMASST" spaces="224"> </carpark>
    <carpark name="C/CHURCH" spaces="121"> </carpark>
  </Southwest>

  <Southeast>
    <carpark name="SETANTA" spaces="89"> </carpark>
    <carpark name="DAWSON" spaces="209"> </carpark>
    <carpark name="TRINITY" spaces="214"> </carpark>
    <carpark name="GREENRCS" spaces=" "> </carpark>
    <carpark name="DRURY" spaces="159"> </carpark>
    <carpark name="B/THOMAS" spaces="296"> </carpark>
  </Southeast>

  <Timestamp>17:36:50 on Tuesday 28/05/2019</Timestamp>
</carparkData>
