<?xml version="1.0" encoding="ISO-8859-1"?>

<carparkData>
  <Northwest>
    <carpark name="PARNELL" spaces="405"> </carpark>
    <carpark name="ILAC" spaces="995"> </carpark>
    <carpark name="JERVIS" spaces="218"> </carpark>
    <carpark name="ARNOTTS" spaces=" "> </carpark>
  </Northwest>

  <Northeast>
    <carpark name="MARLBORO" spaces="308"> </carpark>
    <carpark name="ABBEY" spaces=" "> </carpark>
  </Northeast>

  <Southwest>
    <carpark name="THOMASST" spaces="230"> </carpark>
    <carpark name="C/CHURCH" spaces="158"> </carpark>
  </Southwest>

  <Southeast>
    <carpark name="SETANTA" spaces="132"> </carpark>
    <carpark name="DAWSON" spaces="322"> </carpark>
    <carpark name="TRINITY" spaces="266"> </carpark>
    <carpark name="GREENRCS" spaces=" "> </carpark>
    <carpark name="DRURY" spaces=" "> </carpark>
    <carpark name="B/THOMAS" spaces="382"> </carpark>
  </Southeast>

  <Timestamp>07:20:50 on Tuesday 28/05/2019</Timestamp>
</carparkData>
