<?xml version="1.0" encoding="ISO-8859-1"?>

<carparkData>
  <Northwest>
    <carpark name="PARNELL" spaces="339"> </carpark>
    <carpark name="ILAC" spaces=" "> </carpark>
    <carpark name="JERVIS" spaces=" "> </carpark>
    <carpark name="ARNOTTS" spaces="333"> </carpark>
  </Northwest>

  <Northeast>
    <carpark name="MARLBORO" spaces="299"> </carpark>
    <carpark name="ABBEY" spaces=" "> </carpark>
  </Northeast>

  <Southwest>
    <carpark name="THOMASST" spaces=" "> </carpark>
    <carpark name="C/CHURCH" spaces="124"> </carpark>
  </Southwest>

  <Southeast>
    <carpark name="SETANTA" spaces="112"> </carpark>
    <carpark name="DAWSON" spaces="280"> </carpark>
    <carpark name="TRINITY" spaces="225"> </carpark>
    <carpark name="GREENRCS" spaces=" "> </carpark>
    <carpark name="DRURY" spaces="210"> </carpark>
    <carpark name="B/THOMAS" spaces="323"> </carpark>
  </Southeast>

  <Timestamp>19:36:50 on Tuesday 28/05/2019</Timestamp>
</carparkData>
