<?xml version="1.0" encoding="ISO-8859-1"?>

<carparkData>
  <Northwest>
    <carpark name="PARNELL" spaces="143"> </carpark>
    <carpark name="ILAC" spaces="771"> </carpark>
    <carpark name="JERVIS" spaces="441"> </carpark>
    <carpark name="ARNOTTS" spaces="191"> </carpark>
  </Northwest>

  <Northeast>
    <carpark name="MARLBORO" spaces="178"> </carpark>
    <carpark name="ABBEY" spaces=" "> </carpark>
  </Northeast>

  <Southwest>
    <carpark name="THOMASST" spaces="170"> </carpark>
    <carpark name="C/CHURCH" spaces="45"> </carpark>
  </Southwest>

  <Southeast>
    <carpark name="SETANTA" spaces=" "> </carpark>
    <carpark name="DAWSON" spaces="88"> </carpark>
    <carpark name="TRINITY" spaces="150"> </carpark>
    <carpark name="GREENRCS" spaces=" "> </carpark>
    <carpark name="DRURY" spaces="41"> </carpark>
    <carpark name="B/THOMAS" spaces="216"> </carpark>
  </Southeast>

  <Timestamp>15:02:50 on Tuesday 28/05/2019</Timestamp>
</carparkData>
