<?xml version="1.0" encoding="ISO-8859-1"?>

<carparkData>
  <Northwest>
    <carpark name="PARNELL" spaces="212"> </carpark>
    <carpark name="ILAC" spaces="840"> </carpark>
    <carpark name="JERVIS" spaces="469"> </carpark>
    <carpark name="ARNOTTS" spaces="238"> </carpark>
  </Northwest>

  <Northeast>
    <carpark name="MARLBORO" spaces="212"> </carpark>
    <carpark name="ABBEY" spaces=" "> </carpark>
  </Northeast>

  <Southwest>
    <carpark name="THOMASST" spaces="199"> </carpark>
    <carpark name="C/CHURCH" spaces="93"> </carpark>
  </Southwest>

  <Southeast>
    <carpark name="SETANTA" spaces="44"> </carpark>
    <carpark name="DAWSON" spaces="139"> </carpark>
    <carpark name="TRINITY" spaces="190"> </carpark>
    <carpark name="GREENRCS" spaces="814"> </carpark>
    <carpark name="DRURY" spaces="129"> </carpark>
    <carpark name="B/THOMAS" spaces="266"> </carpark>
  </Southeast>

  <Timestamp>16:30:50 on Tuesday 28/05/2019</Timestamp>
</carparkData>
