<?xml version="1.0" encoding="ISO-8859-1"?>

<carparkData>
  <Northwest>
    <carpark name="PARNELL" spaces="277"> </carpark>
    <carpark name="ILAC" spaces="945"> </carpark>
    <carpark name="JERVIS" spaces="870"> </carpark>
    <carpark name="ARNOTTS" spaces="319"> </carpark>
  </Northwest>

  <Northeast>
    <carpark name="MARLBORO" spaces="242"> </carpark>
    <carpark name="ABBEY" spaces=" "> </carpark>
  </Northeast>

  <Southwest>
    <carpark name="THOMASST" spaces="215"> </carpark>
    <carpark name="C/CHURCH" spaces="127"> </carpark>
  </Southwest>

  <Southeast>
    <carpark name="SETANTA" spaces="73"> </carpark>
    <carpark name="DAWSON" spaces="209"> </carpark>
    <carpark name="TRINITY" spaces="222"> </carpark>
    <carpark name="GREENRCS" spaces=" "> </carpark>
    <carpark name="DRURY" spaces="237"> </carpark>
    <carpark name="B/THOMAS" spaces="368"> </carpark>
  </Southeast>

  <Timestamp>08:50:50 on Tuesday 28/05/2019</Timestamp>
</carparkData>
