<?xml version="1.0" encoding="ISO-8859-1"?>

<carparkData>
  <Northwest>
    <carpark name="PARNELL" spaces="127"> </carpark>
    <carpark name="ILAC" spaces="692"> </carpark>
    <carpark name="JERVIS" spaces="546"> </carpark>
    <carpark name="ARNOTTS" spaces="308"> </carpark>
  </Northwest>

  <Northeast>
    <carpark name="MARLBORO" spaces="164"> </carpark>
    <carpark name="ABBEY" spaces=" "> </carpark>
  </Northeast>

  <Southwest>
    <carpark name="THOMASST" spaces="165"> </carpark>
    <carpark name="C/CHURCH" spaces="44"> </carpark>
  </Southwest>

  <Southeast>
    <carpark name="SETANTA" spaces="9"> </carpark>
    <carpark name="DAWSON" spaces="60"> </carpark>
    <carpark name="TRINITY" spaces="152"> </carpark>
    <carpark name="GREENRCS" spaces="605"> </carpark>
    <carpark name="DRURY" spaces="36"> </carpark>
    <carpark name="B/THOMAS" spaces="212"> </carpark>
  </Southeast>

  <Timestamp>12:16:50 on Tuesday 28/05/2019</Timestamp>
</carparkData>
