<?xml version="1.0" encoding="ISO-8859-1"?>

<carparkData>
  <Northwest>
    <carpark name="PARNELL" spaces="119"> </carpark>
    <carpark name="ILAC" spaces="700"> </carpark>
    <carpark name="JERVIS" spaces="568"> </carpark>
    <carpark name="ARNOTTS" spaces="299"> </carpark>
  </Northwest>

  <Northeast>
    <carpark name="MARLBORO" spaces="159"> </carpark>
    <carpark name="ABBEY" spaces=" "> </carpark>
  </Northeast>

  <Southwest>
    <carpark name="THOMASST" spaces="170"> </carpark>
    <carpark name="C/CHURCH" spaces="39"> </carpark>
  </Southwest>

  <Southeast>
    <carpark name="SETANTA" spaces="16"> </carpark>
    <carpark name="DAWSON" spaces="61"> </carpark>
    <carpark name="TRINITY" spaces="162"> </carpark>
    <carpark name="GREENRCS" spaces=" "> </carpark>
    <carpark name="DRURY" spaces="47"> </carpark>
    <carpark name="B/THOMAS" spaces="222"> </carpark>
  </Southeast>

  <Timestamp>11:50:50 on Tuesday 28/05/2019</Timestamp>
</carparkData>
