<?xml version="1.0" encoding="ISO-8859-1"?>

<carparkData>
  <Northwest>
    <carpark name="PARNELL" spaces="129"> </carpark>
    <carpark name="ILAC" spaces="738"> </carpark>
    <carpark name="JERVIS" spaces="462"> </carpark>
    <carpark name="ARNOTTS" spaces="181"> </carpark>
  </Northwest>

  <Northeast>
    <carpark name="MARLBORO" spaces="174"> </carpark>
    <carpark name="ABBEY" spaces=" "> </carpark>
  </Northeast>

  <Southwest>
    <carpark name="THOMASST" spaces="165"> </carpark>
    <carpark name="C/CHURCH" spaces="44"> </carpark>
  </Southwest>

  <Southeast>
    <carpark name="SETANTA" spaces="8"> </carpark>
    <carpark name="DAWSON" spaces="67"> </carpark>
    <carpark name="TRINITY" spaces="138"> </carpark>
    <carpark name="GREENRCS" spaces=" "> </carpark>
    <carpark name="DRURY" spaces="45"> </carpark>
    <carpark name="B/THOMAS" spaces="211"> </carpark>
  </Southeast>

  <Timestamp>14:16:50 on Tuesday 28/05/2019</Timestamp>
</carparkData>
