<?xml version="1.0" encoding="ISO-8859-1"?>

<carparkData>
  <Northwest>
    <carpark name="PARNELL" spaces="126"> </carpark>
    <carpark name="ILAC" spaces="721"> </carpark>
    <carpark name="JERVIS" spaces="486"> </carpark>
    <carpark name="ARNOTTS" spaces="341"> </carpark>
  </Northwest>

  <Northeast>
    <carpark name="MARLBORO" spaces="170"> </carpark>
    <carpark name="ABBEY" spaces=" "> </carpark>
  </Northeast>

  <Southwest>
    <carpark name="THOMASST" spaces="164"> </carpark>
    <carpark name="C/CHURCH" spaces="46"> </carpark>
  </Southwest>

  <Southeast>
    <carpark name="SETANTA" spaces=" "> </carpark>
    <carpark name="DAWSON" spaces="58"> </carpark>
    <carpark name="TRINITY" spaces="143"> </carpark>
    <carpark name="GREENRCS" spaces=" "> </carpark>
    <carpark name="DRURY" spaces="37"> </carpark>
    <carpark name="B/THOMAS" spaces="206"> </carpark>
  </Southeast>

  <Timestamp>13:36:50 on Tuesday 28/05/2019</Timestamp>
</carparkData>
