<?xml version="1.0" encoding="ISO-8859-1"?>

<carparkData>
  <Northwest>
    <carpark name="PARNELL" spaces="301"> </carpark>
    <carpark name="ILAC" spaces="889"> </carpark>
    <carpark name="JERVIS" spaces="524"> </carpark>
    <carpark name="ARNOTTS" spaces="277"> </carpark>
  </Northwest>

  <Northeast>
    <carpark name="MARLBORO" spaces="261"> </carpark>
    <carpark name="ABBEY" spaces=" "> </carpark>
  </Northeast>

  <Southwest>
    <carpark name="THOMASST" spaces="225"> </carpark>
    <carpark name="C/CHURCH" spaces="119"> </carpark>
  </Southwest>

  <Southeast>
    <carpark name="SETANTA" spaces="94"> </carpark>
    <carpark name="DAWSON" spaces="219"> </carpark>
    <carpark name="TRINITY" spaces="218"> </carpark>
    <carpark name="GREENRCS" spaces=" "> </carpark>
    <carpark name="DRURY" spaces="151"> </carpark>
    <carpark name="B/THOMAS" spaces="302"> </carpark>
  </Southeast>

  <Timestamp>17:46:50 on Tuesday 28/05/2019</Timestamp>
</carparkData>
