<?xml version="1.0" encoding="ISO-8859-1"?>

<carparkData>
  <Northwest>
    <carpark name="PARNELL" spaces="157"> </carpark>
    <carpark name="ILAC" spaces="829"> </carpark>
    <carpark name="JERVIS" spaces="696"> </carpark>
    <carpark name="ARNOTTS" spaces="308"> </carpark>
  </Northwest>

  <Northeast>
    <carpark name="MARLBORO" spaces="175"> </carpark>
    <carpark name="ABBEY" spaces=" "> </carpark>
  </Northeast>

  <Southwest>
    <carpark name="THOMASST" spaces="188"> </carpark>
    <carpark name="C/CHURCH" spaces="84"> </carpark>
  </Southwest>

  <Southeast>
    <carpark name="SETANTA" spaces="43"> </carpark>
    <carpark name="DAWSON" spaces="129"> </carpark>
    <carpark name="TRINITY" spaces="181"> </carpark>
    <carpark name="GREENRCS" spaces=" "> </carpark>
    <carpark name="DRURY" spaces="138"> </carpark>
    <carpark name="B/THOMAS" spaces="304"> </carpark>
  </Southeast>

  <Timestamp>10:16:50 on Tuesday 28/05/2019</Timestamp>
</carparkData>
