<?xml version="1.0" encoding="ISO-8859-1"?>

<carparkData>
  <Northwest>
    <carpark name="PARNELL" spaces="127"> </carpark>
    <carpark name="ILAC" spaces="719"> </carpark>
    <carpark name="JERVIS" spaces="494"> </carpark>
    <carpark name="ARNOTTS" spaces="342"> </carpark>
  </Northwest>

  <Northeast>
    <carpark name="MARLBORO" spaces="170"> </carpark>
    <carpark name="ABBEY" spaces=" "> </carpark>
  </Northeast>

  <Southwest>
    <carpark name="THOMASST" spaces="167"> </carpark>
    <carpark name="C/CHURCH" spaces="50"> </carpark>
  </Southwest>

  <Southeast>
    <carpark name="SETANTA" spaces="FULL"> </carpark>
    <carpark name="DAWSON" spaces="57"> </carpark>
    <carpark name="TRINITY" spaces="142"> </carpark>
    <carpark name="GREENRCS" spaces="614"> </carpark>
    <carpark name="DRURY" spaces="40"> </carpark>
    <carpark name="B/THOMAS" spaces="211"> </carpark>
  </Southeast>

  <Timestamp>13:30:50 on Tuesday 28/05/2019</Timestamp>
</carparkData>
