<?xml version="1.0" encoding="ISO-8859-1"?>

<carparkData>
  <Northwest>
    <carpark name="PARNELL" spaces="334"> </carpark>
    <carpark name="ILAC" spaces=" "> </carpark>
    <carpark name="JERVIS" spaces=" "> </carpark>
    <carpark name="ARNOTTS" spaces="317"> </carpark>
  </Northwest>

  <Northeast>
    <carpark name="MARLBORO" spaces="289"> </carpark>
    <carpark name="ABBEY" spaces=" "> </carpark>
  </Northeast>

  <Southwest>
    <carpark name="THOMASST" spaces=" "> </carpark>
    <carpark name="C/CHURCH" spaces="127"> </carpark>
  </Southwest>

  <Southeast>
    <carpark name="SETANTA" spaces="109"> </carpark>
    <carpark name="DAWSON" spaces="264"> </carpark>
    <carpark name="TRINITY" spaces="241"> </carpark>
    <carpark name="GREENRCS" spaces="1163"> </carpark>
    <carpark name="DRURY" spaces="192"> </carpark>
    <carpark name="B/THOMAS" spaces=" "> </carpark>
  </Southeast>

  <Timestamp>19:00:50 on Tuesday 28/05/2019</Timestamp>
</carparkData>
