<?xml version="1.0" encoding="ISO-8859-1"?>

<carparkData>
  <Northwest>
    <carpark name="PARNELL" spaces="122"> </carpark>
    <carpark name="ILAC" spaces="712"> </carpark>
    <carpark name="JERVIS" spaces="500"> </carpark>
    <carpark name="ARNOTTS" spaces="334"> </carpark>
  </Northwest>

  <Northeast>
    <carpark name="MARLBORO" spaces="169"> </carpark>
    <carpark name="ABBEY" spaces=" "> </carpark>
  </Northeast>

  <Southwest>
    <carpark name="THOMASST" spaces="166"> </carpark>
    <carpark name="C/CHURCH" spaces="53"> </carpark>
  </Southwest>

  <Southeast>
    <carpark name="SETANTA" spaces="9"> </carpark>
    <carpark name="DAWSON" spaces="54"> </carpark>
    <carpark name="TRINITY" spaces="139"> </carpark>
    <carpark name="GREENRCS" spaces=" "> </carpark>
    <carpark name="DRURY" spaces="40"> </carpark>
    <carpark name="B/THOMAS" spaces="210"> </carpark>
  </Southeast>

  <Timestamp>13:16:50 on Tuesday 28/05/2019</Timestamp>
</carparkData>
