<?xml version="1.0" encoding="ISO-8859-1"?>

<carparkData>
  <Northwest>
    <carpark name="PARNELL" spaces="477"> </carpark>
    <carpark name="ILAC" spaces=" "> </carpark>
    <carpark name="JERVIS" spaces=" "> </carpark>
    <carpark name="ARNOTTS" spaces=" "> </carpark>
  </Northwest>

  <Northeast>
    <carpark name="MARLBORO" spaces="311"> </carpark>
    <carpark name="ABBEY" spaces=" "> </carpark>
  </Northeast>

  <Southwest>
    <carpark name="THOMASST" spaces=" "> </carpark>
    <carpark name="C/CHURCH" spaces="152"> </carpark>
  </Southwest>

  <Southeast>
    <carpark name="SETANTA" spaces="161"> </carpark>
    <carpark name="DAWSON" spaces="351"> </carpark>
    <carpark name="TRINITY" spaces="294"> </carpark>
    <carpark name="GREENRCS" spaces=" "> </carpark>
    <carpark name="DRURY" spaces="385"> </carpark>
    <carpark name="B/THOMAS" spaces="380"> </carpark>
  </Southeast>

  <Timestamp>23:30:50 on Tuesday 28/05/2019</Timestamp>
</carparkData>
