<?xml version="1.0" encoding="ISO-8859-1"?>

<carparkData>
  <Northwest>
    <carpark name="PARNELL" spaces="125"> </carpark>
    <carpark name="ILAC" spaces="700"> </carpark>
    <carpark name="JERVIS" spaces="529"> </carpark>
    <carpark name="ARNOTTS" spaces="312"> </carpark>
  </Northwest>

  <Northeast>
    <carpark name="MARLBORO" spaces="157"> </carpark>
    <carpark name="ABBEY" spaces=" "> </carpark>
  </Northeast>

  <Southwest>
    <carpark name="THOMASST" spaces="167"> </carpark>
    <carpark name="C/CHURCH" spaces="47"> </carpark>
  </Southwest>

  <Southeast>
    <carpark name="SETANTA" spaces=" "> </carpark>
    <carpark name="DAWSON" spaces="61"> </carpark>
    <carpark name="TRINITY" spaces="147"> </carpark>
    <carpark name="GREENRCS" spaces="609"> </carpark>
    <carpark name="DRURY" spaces="40"> </carpark>
    <carpark name="B/THOMAS" spaces="207"> </carpark>
  </Southeast>

  <Timestamp>12:30:50 on Tuesday 28/05/2019</Timestamp>
</carparkData>
