<?xml version="1.0" encoding="ISO-8859-1"?>

<carparkData>
  <Northwest>
    <carpark name="PARNELL" spaces="123"> </carpark>
    <carpark name="ILAC" spaces="729"> </carpark>
    <carpark name="JERVIS" spaces="609"> </carpark>
    <carpark name="ARNOTTS" spaces="302"> </carpark>
  </Northwest>

  <Northeast>
    <carpark name="MARLBORO" spaces="170"> </carpark>
    <carpark name="ABBEY" spaces=" "> </carpark>
  </Northeast>

  <Southwest>
    <carpark name="THOMASST" spaces="176"> </carpark>
    <carpark name="C/CHURCH" spaces="43"> </carpark>
  </Southwest>

  <Southeast>
    <carpark name="SETANTA" spaces=" "> </carpark>
    <carpark name="DAWSON" spaces="71"> </carpark>
    <carpark name="TRINITY" spaces="164"> </carpark>
    <carpark name="GREENRCS" spaces=" "> </carpark>
    <carpark name="DRURY" spaces="65"> </carpark>
    <carpark name="B/THOMAS" spaces="231"> </carpark>
  </Southeast>

  <Timestamp>11:16:50 on Tuesday 28/05/2019</Timestamp>
</carparkData>
