<?xml version="1.0" encoding="ISO-8859-1"?>

<carparkData>
  <Northwest>
    <carpark name="PARNELL" spaces="119"> </carpark>
    <carpark name="ILAC" spaces="706"> </carpark>
    <carpark name="JERVIS" spaces="588"> </carpark>
    <carpark name="ARNOTTS" spaces="303"> </carpark>
  </Northwest>

  <Northeast>
    <carpark name="MARLBORO" spaces="171"> </carpark>
    <carpark name="ABBEY" spaces=" "> </carpark>
  </Northeast>

  <Southwest>
    <carpark name="THOMASST" spaces="178"> </carpark>
    <carpark name="C/CHURCH" spaces="37"> </carpark>
  </Southwest>

  <Southeast>
    <carpark name="SETANTA" spaces="18"> </carpark>
    <carpark name="DAWSON" spaces="62"> </carpark>
    <carpark name="TRINITY" spaces="157"> </carpark>
    <carpark name="GREENRCS" spaces="625"> </carpark>
    <carpark name="DRURY" spaces="44"> </carpark>
    <carpark name="B/THOMAS" spaces="228"> </carpark>
  </Southeast>

  <Timestamp>11:30:50 on Tuesday 28/05/2019</Timestamp>
</carparkData>
