<?xml version="1.0" encoding="ISO-8859-1"?>

<carparkData>
  <Northwest>
    <carpark name="PARNELL" spaces="121"> </carpark>
    <carpark name="ILAC" spaces="699"> </carpark>
    <carpark name="JERVIS" spaces="519"> </carpark>
    <carpark name="ARNOTTS" spaces="320"> </carpark>
  </Northwest>

  <Northeast>
    <carpark name="MARLBORO" spaces="158"> </carpark>
    <carpark name="ABBEY" spaces=" "> </carpark>
  </Northeast>

  <Southwest>
    <carpark name="THOMASST" spaces="169"> </carpark>
    <carpark name="C/CHURCH" spaces="44"> </carpark>
  </Southwest>

  <Southeast>
    <carpark name="SETANTA" spaces="11"> </carpark>
    <carpark name="DAWSON" spaces="56"> </carpark>
    <carpark name="TRINITY" spaces="143"> </carpark>
    <carpark name="GREENRCS" spaces="605"> </carpark>
    <carpark name="DRURY" spaces="38"> </carpark>
    <carpark name="B/THOMAS" spaces="210"> </carpark>
  </Southeast>

  <Timestamp>12:46:50 on Tuesday 28/05/2019</Timestamp>
</carparkData>
