<?xml version="1.0" encoding="ISO-8859-1"?>

<carparkData>
  <Northwest>
    <carpark name="PARNELL" spaces="420"> </carpark>
    <carpark name="ILAC" spaces=" "> </carpark>
    <carpark name="JERVIS" spaces=" "> </carpark>
    <carpark name="ARNOTTS" spaces=" "> </carpark>
  </Northwest>

  <Northeast>
    <carpark name="MARLBORO" spaces="293"> </carpark>
    <carpark name="ABBEY" spaces=" "> </carpark>
  </Northeast>

  <Southwest>
    <carpark name="THOMASST" spaces=" "> </carpark>
    <carpark name="C/CHURCH" spaces="127"> </carpark>
  </Southwest>

  <Southeast>
    <carpark name="SETANTA" spaces="141"> </carpark>
    <carpark name="DAWSON" spaces="332"> </carpark>
    <carpark name="TRINITY" spaces="247"> </carpark>
    <carpark name="GREENRCS" spaces=" "> </carpark>
    <carpark name="DRURY" spaces="317"> </carpark>
    <carpark name="B/THOMAS" spaces="358"> </carpark>
  </Southeast>

  <Timestamp>21:30:50 on Tuesday 28/05/2019</Timestamp>
</carparkData>
