<?xml version="1.0" encoding="ISO-8859-1"?>

<carparkData>
  <Northwest>
    <carpark name="PARNELL" spaces="327"> </carpark>
    <carpark name="ILAC" spaces="955"> </carpark>
    <carpark name="JERVIS" spaces="575"> </carpark>
    <carpark name="ARNOTTS" spaces="310"> </carpark>
  </Northwest>

  <Northeast>
    <carpark name="MARLBORO" spaces="283"> </carpark>
    <carpark name="ABBEY" spaces=" "> </carpark>
  </Northeast>

  <Southwest>
    <carpark name="THOMASST" spaces="239"> </carpark>
    <carpark name="C/CHURCH" spaces="125"> </carpark>
  </Southwest>

  <Southeast>
    <carpark name="SETANTA" spaces="114"> </carpark>
    <carpark name="DAWSON" spaces="259"> </carpark>
    <carpark name="TRINITY" spaces="235"> </carpark>
    <carpark name="GREENRCS" spaces=" "> </carpark>
    <carpark name="DRURY" spaces="185"> </carpark>
    <carpark name="B/THOMAS" spaces=" "> </carpark>
  </Southeast>

  <Timestamp>18:46:50 on Tuesday 28/05/2019</Timestamp>
</carparkData>
