<?xml version="1.0" encoding="ISO-8859-1"?>

<carparkData>
  <Northwest>
    <carpark name="PARNELL" spaces="467"> </carpark>
    <carpark name="ILAC" spaces=" "> </carpark>
    <carpark name="JERVIS" spaces=" "> </carpark>
    <carpark name="ARNOTTS" spaces=" "> </carpark>
  </Northwest>

  <Northeast>
    <carpark name="MARLBORO" spaces="305"> </carpark>
    <carpark name="ABBEY" spaces=" "> </carpark>
  </Northeast>

  <Southwest>
    <carpark name="THOMASST" spaces=" "> </carpark>
    <carpark name="C/CHURCH" spaces="150"> </carpark>
  </Southwest>

  <Southeast>
    <carpark name="SETANTA" spaces="158"> </carpark>
    <carpark name="DAWSON" spaces="348"> </carpark>
    <carpark name="TRINITY" spaces="283"> </carpark>
    <carpark name="GREENRCS" spaces=" "> </carpark>
    <carpark name="DRURY" spaces="378"> </carpark>
    <carpark name="B/THOMAS" spaces="377"> </carpark>
  </Southeast>

  <Timestamp>22:46:50 on Tuesday 28/05/2019</Timestamp>
</carparkData>
