<?xml version="1.0" encoding="ISO-8859-1"?>

<carparkData>
  <Northwest>
    <carpark name="PARNELL" spaces="354"> </carpark>
    <carpark name="ILAC" spaces="974"> </carpark>
    <carpark name="JERVIS" spaces="947"> </carpark>
    <carpark name="ARNOTTS" spaces="323"> </carpark>
  </Northwest>

  <Northeast>
    <carpark name="MARLBORO" spaces="284"> </carpark>
    <carpark name="ABBEY" spaces=" "> </carpark>
  </Northeast>

  <Southwest>
    <carpark name="THOMASST" spaces="224"> </carpark>
    <carpark name="C/CHURCH" spaces="144"> </carpark>
  </Southwest>

  <Southeast>
    <carpark name="SETANTA" spaces="106"> </carpark>
    <carpark name="DAWSON" spaces="275"> </carpark>
    <carpark name="TRINITY" spaces="242"> </carpark>
    <carpark name="GREENRCS" spaces="972"> </carpark>
    <carpark name="DRURY" spaces="289"> </carpark>
    <carpark name="B/THOMAS" spaces="379"> </carpark>
  </Southeast>

  <Timestamp>08:00:50 on Tuesday 28/05/2019</Timestamp>
</carparkData>
