<?xml version="1.0" encoding="ISO-8859-1"?>

<carparkData>
  <Northwest>
    <carpark name="PARNELL" spaces="374"> </carpark>
    <carpark name="ILAC" spaces=" "> </carpark>
    <carpark name="JERVIS" spaces=" "> </carpark>
    <carpark name="ARNOTTS" spaces=" "> </carpark>
  </Northwest>

  <Northeast>
    <carpark name="MARLBORO" spaces="298"> </carpark>
    <carpark name="ABBEY" spaces=" "> </carpark>
  </Northeast>

  <Southwest>
    <carpark name="THOMASST" spaces=" "> </carpark>
    <carpark name="C/CHURCH" spaces="123"> </carpark>
  </Southwest>

  <Southeast>
    <carpark name="SETANTA" spaces="136"> </carpark>
    <carpark name="DAWSON" spaces="316"> </carpark>
    <carpark name="TRINITY" spaces="230"> </carpark>
    <carpark name="GREENRCS" spaces=" "> </carpark>
    <carpark name="DRURY" spaces="274"> </carpark>
    <carpark name="B/THOMAS" spaces="358"> </carpark>
  </Southeast>

  <Timestamp>21:00:50 on Tuesday 28/05/2019</Timestamp>
</carparkData>
