<?xml version="1.0" encoding="ISO-8859-1"?>

<carparkData>
  <Northwest>
    <carpark name="PARNELL" spaces="118"> </carpark>
    <carpark name="ILAC" spaces="710"> </carpark>
    <carpark name="JERVIS" spaces="493"> </carpark>
    <carpark name="ARNOTTS" spaces="335"> </carpark>
  </Northwest>

  <Northeast>
    <carpark name="MARLBORO" spaces="172"> </carpark>
    <carpark name="ABBEY" spaces=" "> </carpark>
  </Northeast>

  <Southwest>
    <carpark name="THOMASST" spaces="165"> </carpark>
    <carpark name="C/CHURCH" spaces="51"> </carpark>
  </Southwest>

  <Southeast>
    <carpark name="SETANTA" spaces="10"> </carpark>
    <carpark name="DAWSON" spaces="58"> </carpark>
    <carpark name="TRINITY" spaces="139"> </carpark>
    <carpark name="GREENRCS" spaces=" "> </carpark>
    <carpark name="DRURY" spaces="38"> </carpark>
    <carpark name="B/THOMAS" spaces="214"> </carpark>
  </Southeast>

  <Timestamp>13:20:50 on Tuesday 28/05/2019</Timestamp>
</carparkData>
