<?xml version="1.0" encoding="ISO-8859-1"?>

<carparkData>
  <Northwest>
    <carpark name="PARNELL" spaces="123"> </carpark>
    <carpark name="ILAC" spaces="725"> </carpark>
    <carpark name="JERVIS" spaces="464"> </carpark>
    <carpark name="ARNOTTS" spaces="176"> </carpark>
  </Northwest>

  <Northeast>
    <carpark name="MARLBORO" spaces="171"> </carpark>
    <carpark name="ABBEY" spaces=" "> </carpark>
  </Northeast>

  <Southwest>
    <carpark name="THOMASST" spaces="165"> </carpark>
    <carpark name="C/CHURCH" spaces="47"> </carpark>
  </Southwest>

  <Southeast>
    <carpark name="SETANTA" spaces="9"> </carpark>
    <carpark name="DAWSON" spaces="56"> </carpark>
    <carpark name="TRINITY" spaces="139"> </carpark>
    <carpark name="GREENRCS" spaces=" "> </carpark>
    <carpark name="DRURY" spaces="36"> </carpark>
    <carpark name="B/THOMAS" spaces="211"> </carpark>
  </Southeast>

  <Timestamp>14:00:50 on Tuesday 28/05/2019</Timestamp>
</carparkData>
