<?xml version="1.0" encoding="ISO-8859-1"?>

<carparkData>
  <Northwest>
    <carpark name="PARNELL" spaces="341"> </carpark>
    <carpark name="ILAC" spaces=" "> </carpark>
    <carpark name="JERVIS" spaces=" "> </carpark>
    <carpark name="ARNOTTS" spaces="332"> </carpark>
  </Northwest>

  <Northeast>
    <carpark name="MARLBORO" spaces="297"> </carpark>
    <carpark name="ABBEY" spaces=" "> </carpark>
  </Northeast>

  <Southwest>
    <carpark name="THOMASST" spaces=" "> </carpark>
    <carpark name="C/CHURCH" spaces="125"> </carpark>
  </Southwest>

  <Southeast>
    <carpark name="SETANTA" spaces="108"> </carpark>
    <carpark name="DAWSON" spaces="276"> </carpark>
    <carpark name="TRINITY" spaces="225"> </carpark>
    <carpark name="GREENRCS" spaces=" "> </carpark>
    <carpark name="DRURY" spaces="211"> </carpark>
    <carpark name="B/THOMAS" spaces="323"> </carpark>
  </Southeast>

  <Timestamp>19:30:50 on Tuesday 28/05/2019</Timestamp>
</carparkData>
