<?xml version="1.0" encoding="ISO-8859-1"?>

<carparkData>
  <Northwest>
    <carpark name="PARNELL" spaces="152"> </carpark>
    <carpark name="ILAC" spaces="776"> </carpark>
    <carpark name="JERVIS" spaces="440"> </carpark>
    <carpark name="ARNOTTS" spaces="196"> </carpark>
  </Northwest>

  <Northeast>
    <carpark name="MARLBORO" spaces="184"> </carpark>
    <carpark name="ABBEY" spaces=" "> </carpark>
  </Northeast>

  <Southwest>
    <carpark name="THOMASST" spaces="173"> </carpark>
    <carpark name="C/CHURCH" spaces="55"> </carpark>
  </Southwest>

  <Southeast>
    <carpark name="SETANTA" spaces="17"> </carpark>
    <carpark name="DAWSON" spaces="81"> </carpark>
    <carpark name="TRINITY" spaces="160"> </carpark>
    <carpark name="GREENRCS" spaces=" "> </carpark>
    <carpark name="DRURY" spaces="55"> </carpark>
    <carpark name="B/THOMAS" spaces="228"> </carpark>
  </Southeast>

  <Timestamp>15:16:50 on Tuesday 28/05/2019</Timestamp>
</carparkData>
