<?xml version="1.0" encoding="ISO-8859-1"?>

<carparkData>
  <Northwest>
    <carpark name="PARNELL" spaces="330"> </carpark>
    <carpark name="ILAC" spaces="967"> </carpark>
    <carpark name="JERVIS" spaces="929"> </carpark>
    <carpark name="ARNOTTS" spaces="322"> </carpark>
  </Northwest>

  <Northeast>
    <carpark name="MARLBORO" spaces="266"> </carpark>
    <carpark name="ABBEY" spaces=" "> </carpark>
  </Northeast>

  <Southwest>
    <carpark name="THOMASST" spaces="221"> </carpark>
    <carpark name="C/CHURCH" spaces="139"> </carpark>
  </Southwest>

  <Southeast>
    <carpark name="SETANTA" spaces="99"> </carpark>
    <carpark name="DAWSON" spaces="256"> </carpark>
    <carpark name="TRINITY" spaces="236"> </carpark>
    <carpark name="GREENRCS" spaces="940"> </carpark>
    <carpark name="DRURY" spaces="279"> </carpark>
    <carpark name="B/THOMAS" spaces="379"> </carpark>
  </Southeast>

  <Timestamp>08:16:50 on Tuesday 28/05/2019</Timestamp>
</carparkData>
