<?xml version="1.0" encoding="ISO-8859-1"?>

<carparkData>
  <Northwest>
    <carpark name="PARNELL" spaces="125"> </carpark>
    <carpark name="ILAC" spaces="726"> </carpark>
    <carpark name="JERVIS" spaces="471"> </carpark>
    <carpark name="ARNOTTS" spaces="170"> </carpark>
  </Northwest>

  <Northeast>
    <carpark name="MARLBORO" spaces="172"> </carpark>
    <carpark name="ABBEY" spaces=" "> </carpark>
  </Northeast>

  <Southwest>
    <carpark name="THOMASST" spaces="163"> </carpark>
    <carpark name="C/CHURCH" spaces="46"> </carpark>
  </Southwest>

  <Southeast>
    <carpark name="SETANTA" spaces="11"> </carpark>
    <carpark name="DAWSON" spaces="61"> </carpark>
    <carpark name="TRINITY" spaces="139"> </carpark>
    <carpark name="GREENRCS" spaces=" "> </carpark>
    <carpark name="DRURY" spaces="39"> </carpark>
    <carpark name="B/THOMAS" spaces="212"> </carpark>
  </Southeast>

  <Timestamp>13:50:50 on Tuesday 28/05/2019</Timestamp>
</carparkData>
