<?xml version="1.0" encoding="ISO-8859-1"?>

<carparkData>
  <Northwest>
    <carpark name="PARNELL" spaces="257"> </carpark>
    <carpark name="ILAC" spaces="857"> </carpark>
    <carpark name="JERVIS" spaces="479"> </carpark>
    <carpark name="ARNOTTS" spaces="255"> </carpark>
  </Northwest>

  <Northeast>
    <carpark name="MARLBORO" spaces="241"> </carpark>
    <carpark name="ABBEY" spaces=" "> </carpark>
  </Northeast>

  <Southwest>
    <carpark name="THOMASST" spaces="211"> </carpark>
    <carpark name="C/CHURCH" spaces="108"> </carpark>
  </Southwest>

  <Southeast>
    <carpark name="SETANTA" spaces="70"> </carpark>
    <carpark name="DAWSON" spaces="177"> </carpark>
    <carpark name="TRINITY" spaces="204"> </carpark>
    <carpark name="GREENRCS" spaces=" "> </carpark>
    <carpark name="DRURY" spaces="156"> </carpark>
    <carpark name="B/THOMAS" spaces="287"> </carpark>
  </Southeast>

  <Timestamp>17:06:50 on Tuesday 28/05/2019</Timestamp>
</carparkData>
