<?xml version="1.0" encoding="ISO-8859-1"?>

<carparkData>
  <Northwest>
    <carpark name="PARNELL" spaces="328"> </carpark>
    <carpark name="ILAC" spaces="961"> </carpark>
    <carpark name="JERVIS" spaces="580"> </carpark>
    <carpark name="ARNOTTS" spaces="312"> </carpark>
  </Northwest>

  <Northeast>
    <carpark name="MARLBORO" spaces="286"> </carpark>
    <carpark name="ABBEY" spaces=" "> </carpark>
  </Northeast>

  <Southwest>
    <carpark name="THOMASST" spaces="239"> </carpark>
    <carpark name="C/CHURCH" spaces="126"> </carpark>
  </Southwest>

  <Southeast>
    <carpark name="SETANTA" spaces=" "> </carpark>
    <carpark name="DAWSON" spaces="259"> </carpark>
    <carpark name="TRINITY" spaces="237"> </carpark>
    <carpark name="GREENRCS" spaces=" "> </carpark>
    <carpark name="DRURY" spaces="186"> </carpark>
    <carpark name="B/THOMAS" spaces="314"> </carpark>
  </Southeast>

  <Timestamp>18:50:50 on Tuesday 28/05/2019</Timestamp>
</carparkData>
