<?xml version="1.0" encoding="ISO-8859-1"?>

<carparkData>
  <Northwest>
    <carpark name="PARNELL" spaces="388"> </carpark>
    <carpark name="ILAC" spaces="987"> </carpark>
    <carpark name="JERVIS" spaces="979"> </carpark>
    <carpark name="ARNOTTS" spaces="323"> </carpark>
  </Northwest>

  <Northeast>
    <carpark name="MARLBORO" spaces="298"> </carpark>
    <carpark name="ABBEY" spaces=" "> </carpark>
  </Northeast>

  <Southwest>
    <carpark name="THOMASST" spaces="223"> </carpark>
    <carpark name="C/CHURCH" spaces="155"> </carpark>
  </Southwest>

  <Southeast>
    <carpark name="SETANTA" spaces="121"> </carpark>
    <carpark name="DAWSON" spaces="306"> </carpark>
    <carpark name="TRINITY" spaces="253"> </carpark>
    <carpark name="GREENRCS" spaces=" "> </carpark>
    <carpark name="DRURY" spaces="322"> </carpark>
    <carpark name="B/THOMAS" spaces="381"> </carpark>
  </Southeast>

  <Timestamp>07:36:50 on Tuesday 28/05/2019</Timestamp>
</carparkData>
