<?xml version="1.0" encoding="ISO-8859-1"?>

<carparkData>
  <Northwest>
    <carpark name="PARNELL" spaces="411"> </carpark>
    <carpark name="ILAC" spaces="997"> </carpark>
    <carpark name="JERVIS" spaces="222"> </carpark>
    <carpark name="ARNOTTS" spaces=" "> </carpark>
  </Northwest>

  <Northeast>
    <carpark name="MARLBORO" spaces="312"> </carpark>
    <carpark name="ABBEY" spaces=" "> </carpark>
  </Northeast>

  <Southwest>
    <carpark name="THOMASST" spaces="230"> </carpark>
    <carpark name="C/CHURCH" spaces="158"> </carpark>
  </Southwest>

  <Southeast>
    <carpark name="SETANTA" spaces="133"> </carpark>
    <carpark name="DAWSON" spaces="324"> </carpark>
    <carpark name="TRINITY" spaces="268"> </carpark>
    <carpark name="GREENRCS" spaces=" "> </carpark>
    <carpark name="DRURY" spaces=" "> </carpark>
    <carpark name="B/THOMAS" spaces="384"> </carpark>
  </Southeast>

  <Timestamp>07:16:50 on Tuesday 28/05/2019</Timestamp>
</carparkData>
