<?xml version="1.0" encoding="ISO-8859-1"?>

<carparkData>
  <Northwest>
    <carpark name="PARNELL" spaces="136"> </carpark>
    <carpark name="ILAC" spaces="770"> </carpark>
    <carpark name="JERVIS" spaces="651"> </carpark>
    <carpark name="ARNOTTS" spaces="303"> </carpark>
  </Northwest>

  <Northeast>
    <carpark name="MARLBORO" spaces="166"> </carpark>
    <carpark name="ABBEY" spaces=" "> </carpark>
  </Northeast>

  <Southwest>
    <carpark name="THOMASST" spaces="180"> </carpark>
    <carpark name="C/CHURCH" spaces="61"> </carpark>
  </Southwest>

  <Southeast>
    <carpark name="SETANTA" spaces=" "> </carpark>
    <carpark name="DAWSON" spaces="83"> </carpark>
    <carpark name="TRINITY" spaces="175"> </carpark>
    <carpark name="GREENRCS" spaces="647"> </carpark>
    <carpark name="DRURY" spaces="105"> </carpark>
    <carpark name="B/THOMAS" spaces="273"> </carpark>
  </Southeast>

  <Timestamp>10:50:50 on Tuesday 28/05/2019</Timestamp>
</carparkData>
