<?xml version="1.0" encoding="ISO-8859-1"?>

<carparkData>
  <Northwest>
    <carpark name="PARNELL" spaces="168"> </carpark>
    <carpark name="ILAC" spaces="856"> </carpark>
    <carpark name="JERVIS" spaces="714"> </carpark>
    <carpark name="ARNOTTS" spaces="312"> </carpark>
  </Northwest>

  <Northeast>
    <carpark name="MARLBORO" spaces="185"> </carpark>
    <carpark name="ABBEY" spaces=" "> </carpark>
  </Northeast>

  <Southwest>
    <carpark name="THOMASST" spaces="194"> </carpark>
    <carpark name="C/CHURCH" spaces="87"> </carpark>
  </Southwest>

  <Southeast>
    <carpark name="SETANTA" spaces="48"> </carpark>
    <carpark name="DAWSON" spaces="143"> </carpark>
    <carpark name="TRINITY" spaces="189"> </carpark>
    <carpark name="GREENRCS" spaces="719"> </carpark>
    <carpark name="DRURY" spaces="147"> </carpark>
    <carpark name="B/THOMAS" spaces="319"> </carpark>
  </Southeast>

  <Timestamp>10:06:50 on Tuesday 28/05/2019</Timestamp>
</carparkData>
