<?xml version="1.0" encoding="ISO-8859-1"?>

<carparkData>
  <Northwest>
    <carpark name="PARNELL" spaces="157"> </carpark>
    <carpark name="ILAC" spaces="818"> </carpark>
    <carpark name="JERVIS" spaces="688"> </carpark>
    <carpark name="ARNOTTS" spaces="310"> </carpark>
  </Northwest>

  <Northeast>
    <carpark name="MARLBORO" spaces="176"> </carpark>
    <carpark name="ABBEY" spaces=" "> </carpark>
  </Northeast>

  <Southwest>
    <carpark name="THOMASST" spaces="187"> </carpark>
    <carpark name="C/CHURCH" spaces="81"> </carpark>
  </Southwest>

  <Southeast>
    <carpark name="SETANTA" spaces="39"> </carpark>
    <carpark name="DAWSON" spaces="124"> </carpark>
    <carpark name="TRINITY" spaces="181"> </carpark>
    <carpark name="GREENRCS" spaces="699"> </carpark>
    <carpark name="DRURY" spaces="132"> </carpark>
    <carpark name="B/THOMAS" spaces="297"> </carpark>
  </Southeast>

  <Timestamp>10:20:50 on Tuesday 28/05/2019</Timestamp>
</carparkData>
