<?xml version="1.0" encoding="ISO-8859-1"?>

<carparkData>
  <Northwest>
    <carpark name="PARNELL" spaces="177"> </carpark>
    <carpark name="ILAC" spaces="803"> </carpark>
    <carpark name="JERVIS" spaces="452"> </carpark>
    <carpark name="ARNOTTS" spaces="224"> </carpark>
  </Northwest>

  <Northeast>
    <carpark name="MARLBORO" spaces="194"> </carpark>
    <carpark name="ABBEY" spaces=" "> </carpark>
  </Northeast>

  <Southwest>
    <carpark name="THOMASST" spaces="183"> </carpark>
    <carpark name="C/CHURCH" spaces="63"> </carpark>
  </Southwest>

  <Southeast>
    <carpark name="SETANTA" spaces="24"> </carpark>
    <carpark name="DAWSON" spaces="106"> </carpark>
    <carpark name="TRINITY" spaces="179"> </carpark>
    <carpark name="GREENRCS" spaces=" "> </carpark>
    <carpark name="DRURY" spaces="88"> </carpark>
    <carpark name="B/THOMAS" spaces="245"> </carpark>
  </Southeast>

  <Timestamp>16:00:50 on Tuesday 28/05/2019</Timestamp>
</carparkData>
