<?xml version="1.0" encoding="ISO-8859-1"?>

<carparkData>
  <Northwest>
    <carpark name="PARNELL" spaces="145"> </carpark>
    <carpark name="ILAC" spaces="774"> </carpark>
    <carpark name="JERVIS" spaces="443"> </carpark>
    <carpark name="ARNOTTS" spaces="192"> </carpark>
  </Northwest>

  <Northeast>
    <carpark name="MARLBORO" spaces="181"> </carpark>
    <carpark name="ABBEY" spaces=" "> </carpark>
  </Northeast>

  <Southwest>
    <carpark name="THOMASST" spaces="171"> </carpark>
    <carpark name="C/CHURCH" spaces="48"> </carpark>
  </Southwest>

  <Southeast>
    <carpark name="SETANTA" spaces="17"> </carpark>
    <carpark name="DAWSON" spaces="86"> </carpark>
    <carpark name="TRINITY" spaces="152"> </carpark>
    <carpark name="GREENRCS" spaces=" "> </carpark>
    <carpark name="DRURY" spaces="47"> </carpark>
    <carpark name="B/THOMAS" spaces="220"> </carpark>
  </Southeast>

  <Timestamp>15:06:50 on Tuesday 28/05/2019</Timestamp>
</carparkData>
