<?xml version="1.0" encoding="ISO-8859-1"?>

<carparkData>
  <Northwest>
    <carpark name="PARNELL" spaces="179"> </carpark>
    <carpark name="ILAC" spaces="870"> </carpark>
    <carpark name="JERVIS" spaces="728"> </carpark>
    <carpark name="ARNOTTS" spaces="314"> </carpark>
  </Northwest>

  <Northeast>
    <carpark name="MARLBORO" spaces="191"> </carpark>
    <carpark name="ABBEY" spaces=" "> </carpark>
  </Northeast>

  <Southwest>
    <carpark name="THOMASST" spaces="196"> </carpark>
    <carpark name="C/CHURCH" spaces="87"> </carpark>
  </Southwest>

  <Southeast>
    <carpark name="SETANTA" spaces="51"> </carpark>
    <carpark name="DAWSON" spaces="149"> </carpark>
    <carpark name="TRINITY" spaces="194"> </carpark>
    <carpark name="GREENRCS" spaces="723"> </carpark>
    <carpark name="DRURY" spaces="160"> </carpark>
    <carpark name="B/THOMAS" spaces="327"> </carpark>
  </Southeast>

  <Timestamp>10:00:50 on Tuesday 28/05/2019</Timestamp>
</carparkData>
