<?xml version="1.0" encoding="ISO-8859-1"?>

<carparkData>
  <Northwest>
    <carpark name="PARNELL" spaces="196"> </carpark>
    <carpark name="ILAC" spaces="828"> </carpark>
    <carpark name="JERVIS" spaces="463"> </carpark>
    <carpark name="ARNOTTS" spaces="236"> </carpark>
  </Northwest>

  <Northeast>
    <carpark name="MARLBORO" spaces="206"> </carpark>
    <carpark name="ABBEY" spaces=" "> </carpark>
  </Northeast>

  <Southwest>
    <carpark name="THOMASST" spaces="195"> </carpark>
    <carpark name="C/CHURCH" spaces="79"> </carpark>
  </Southwest>

  <Southeast>
    <carpark name="SETANTA" spaces=" "> </carpark>
    <carpark name="DAWSON" spaces="126"> </carpark>
    <carpark name="TRINITY" spaces="187"> </carpark>
    <carpark name="GREENRCS" spaces=" "> </carpark>
    <carpark name="DRURY" spaces="118"> </carpark>
    <carpark name="B/THOMAS" spaces="262"> </carpark>
  </Southeast>

  <Timestamp>16:20:50 on Tuesday 28/05/2019</Timestamp>
</carparkData>
