<?xml version="1.0" encoding="ISO-8859-1"?>

<carparkData>
  <Northwest>
    <carpark name="PARNELL" spaces="115"> </carpark>
    <carpark name="ILAC" spaces="706"> </carpark>
    <carpark name="JERVIS" spaces="570"> </carpark>
    <carpark name="ARNOTTS" spaces="301"> </carpark>
  </Northwest>

  <Northeast>
    <carpark name="MARLBORO" spaces="158"> </carpark>
    <carpark name="ABBEY" spaces=" "> </carpark>
  </Northeast>

  <Southwest>
    <carpark name="THOMASST" spaces="171"> </carpark>
    <carpark name="C/CHURCH" spaces="38"> </carpark>
  </Southwest>

  <Southeast>
    <carpark name="SETANTA" spaces="19"> </carpark>
    <carpark name="DAWSON" spaces="61"> </carpark>
    <carpark name="TRINITY" spaces="160"> </carpark>
    <carpark name="GREENRCS" spaces=" "> </carpark>
    <carpark name="DRURY" spaces="49"> </carpark>
    <carpark name="B/THOMAS" spaces="224"> </carpark>
  </Southeast>

  <Timestamp>11:46:50 on Tuesday 28/05/2019</Timestamp>
</carparkData>
