<?xml version="1.0" encoding="ISO-8859-1"?>

<carparkData>
  <Northwest>
    <carpark name="PARNELL" spaces="444"> </carpark>
    <carpark name="ILAC" spaces="999"> </carpark>
    <carpark name="JERVIS" spaces="244"> </carpark>
    <carpark name="ARNOTTS" spaces=" "> </carpark>
  </Northwest>

  <Northeast>
    <carpark name="MARLBORO" spaces="329"> </carpark>
    <carpark name="ABBEY" spaces=" "> </carpark>
  </Northeast>

  <Southwest>
    <carpark name="THOMASST" spaces="237"> </carpark>
    <carpark name="C/CHURCH" spaces="161"> </carpark>
  </Southwest>

  <Southeast>
    <carpark name="SETANTA" spaces="142"> </carpark>
    <carpark name="DAWSON" spaces="339"> </carpark>
    <carpark name="TRINITY" spaces="279"> </carpark>
    <carpark name="GREENRCS" spaces="1135"> </carpark>
    <carpark name="DRURY" spaces=" "> </carpark>
    <carpark name="B/THOMAS" spaces="384"> </carpark>
  </Southeast>

  <Timestamp>07:00:50 on Tuesday 28/05/2019</Timestamp>
</carparkData>
