<?xml version="1.0" encoding="ISO-8859-1"?>

<carparkData>
  <Northwest>
    <carpark name="PARNELL" spaces="196"> </carpark>
    <carpark name="ILAC" spaces="884"> </carpark>
    <carpark name="JERVIS" spaces="755"> </carpark>
    <carpark name="ARNOTTS" spaces="314"> </carpark>
  </Northwest>

  <Northeast>
    <carpark name="MARLBORO" spaces="199"> </carpark>
    <carpark name="ABBEY" spaces=" "> </carpark>
  </Northeast>

  <Southwest>
    <carpark name="THOMASST" spaces="204"> </carpark>
    <carpark name="C/CHURCH" spaces="98"> </carpark>
  </Southwest>

  <Southeast>
    <carpark name="SETANTA" spaces="57"> </carpark>
    <carpark name="DAWSON" spaces="166"> </carpark>
    <carpark name="TRINITY" spaces="204"> </carpark>
    <carpark name="GREENRCS" spaces=" "> </carpark>
    <carpark name="DRURY" spaces="174"> </carpark>
    <carpark name="B/THOMAS" spaces="346"> </carpark>
  </Southeast>

  <Timestamp>09:46:50 on Tuesday 28/05/2019</Timestamp>
</carparkData>
