<?xml version="1.0" encoding="ISO-8859-1"?>

<carparkData>
  <Northwest>
    <carpark name="PARNELL" spaces="126"> </carpark>
    <carpark name="ILAC" spaces="723"> </carpark>
    <carpark name="JERVIS" spaces="471"> </carpark>
    <carpark name="ARNOTTS" spaces="349"> </carpark>
  </Northwest>

  <Northeast>
    <carpark name="MARLBORO" spaces="170"> </carpark>
    <carpark name="ABBEY" spaces=" "> </carpark>
  </Northeast>

  <Southwest>
    <carpark name="THOMASST" spaces="163"> </carpark>
    <carpark name="C/CHURCH" spaces="46"> </carpark>
  </Southwest>

  <Southeast>
    <carpark name="SETANTA" spaces="9"> </carpark>
    <carpark name="DAWSON" spaces="56"> </carpark>
    <carpark name="TRINITY" spaces="141"> </carpark>
    <carpark name="GREENRCS" spaces=" "> </carpark>
    <carpark name="DRURY" spaces="35"> </carpark>
    <carpark name="B/THOMAS" spaces="206"> </carpark>
  </Southeast>

  <Timestamp>13:46:50 on Tuesday 28/05/2019</Timestamp>
</carparkData>
