<?xml version="1.0" encoding="ISO-8859-1"?>

<carparkData>
  <Northwest>
    <carpark name="PARNELL" spaces="232"> </carpark>
    <carpark name="ILAC" spaces="851"> </carpark>
    <carpark name="JERVIS" spaces="479"> </carpark>
    <carpark name="ARNOTTS" spaces="240"> </carpark>
  </Northwest>

  <Northeast>
    <carpark name="MARLBORO" spaces="223"> </carpark>
    <carpark name="ABBEY" spaces=" "> </carpark>
  </Northeast>

  <Southwest>
    <carpark name="THOMASST" spaces="203"> </carpark>
    <carpark name="C/CHURCH" spaces="102"> </carpark>
  </Southwest>

  <Southeast>
    <carpark name="SETANTA" spaces="51"> </carpark>
    <carpark name="DAWSON" spaces="155"> </carpark>
    <carpark name="TRINITY" spaces="196"> </carpark>
    <carpark name="GREENRCS" spaces="838"> </carpark>
    <carpark name="DRURY" spaces="131"> </carpark>
    <carpark name="B/THOMAS" spaces="279"> </carpark>
  </Southeast>

  <Timestamp>16:42:50 on Tuesday 28/05/2019</Timestamp>
</carparkData>
