<?xml version="1.0" encoding="ISO-8859-1"?>

<carparkData>
  <Northwest>
    <carpark name="PARNELL" spaces="141"> </carpark>
    <carpark name="ILAC" spaces="763"> </carpark>
    <carpark name="JERVIS" spaces="441"> </carpark>
    <carpark name="ARNOTTS" spaces="189"> </carpark>
  </Northwest>

  <Northeast>
    <carpark name="MARLBORO" spaces="175"> </carpark>
    <carpark name="ABBEY" spaces=" "> </carpark>
  </Northeast>

  <Southwest>
    <carpark name="THOMASST" spaces="169"> </carpark>
    <carpark name="C/CHURCH" spaces="42"> </carpark>
  </Southwest>

  <Southeast>
    <carpark name="SETANTA" spaces="17"> </carpark>
    <carpark name="DAWSON" spaces="90"> </carpark>
    <carpark name="TRINITY" spaces="145"> </carpark>
    <carpark name="GREENRCS" spaces=" "> </carpark>
    <carpark name="DRURY" spaces="43"> </carpark>
    <carpark name="B/THOMAS" spaces="215"> </carpark>
  </Southeast>

  <Timestamp>14:52:50 on Tuesday 28/05/2019</Timestamp>
</carparkData>
