<?xml version="1.0" encoding="ISO-8859-1"?>

<carparkData>
  <Northwest>
    <carpark name="PARNELL" spaces="247"> </carpark>
    <carpark name="ILAC" spaces="935"> </carpark>
    <carpark name="JERVIS" spaces="842"> </carpark>
    <carpark name="ARNOTTS" spaces="316"> </carpark>
  </Northwest>

  <Northeast>
    <carpark name="MARLBORO" spaces="228"> </carpark>
    <carpark name="ABBEY" spaces=" "> </carpark>
  </Northeast>

  <Southwest>
    <carpark name="THOMASST" spaces="212"> </carpark>
    <carpark name="C/CHURCH" spaces="125"> </carpark>
  </Southwest>

  <Southeast>
    <carpark name="SETANTA" spaces="63"> </carpark>
    <carpark name="DAWSON" spaces="195"> </carpark>
    <carpark name="TRINITY" spaces="207"> </carpark>
    <carpark name="GREENRCS" spaces=" "> </carpark>
    <carpark name="DRURY" spaces="219"> </carpark>
    <carpark name="B/THOMAS" spaces="366"> </carpark>
  </Southeast>

  <Timestamp>09:06:50 on Tuesday 28/05/2019</Timestamp>
</carparkData>
