<?xml version="1.0" encoding="ISO-8859-1"?>

<carparkData>
  <Northwest>
    <carpark name="PARNELL" spaces="160"> </carpark>
    <carpark name="ILAC" spaces="783"> </carpark>
    <carpark name="JERVIS" spaces="443"> </carpark>
    <carpark name="ARNOTTS" spaces="202"> </carpark>
  </Northwest>

  <Northeast>
    <carpark name="MARLBORO" spaces="185"> </carpark>
    <carpark name="ABBEY" spaces=" "> </carpark>
  </Northeast>

  <Southwest>
    <carpark name="THOMASST" spaces="175"> </carpark>
    <carpark name="C/CHURCH" spaces="58"> </carpark>
  </Southwest>

  <Southeast>
    <carpark name="SETANTA" spaces="21"> </carpark>
    <carpark name="DAWSON" spaces="88"> </carpark>
    <carpark name="TRINITY" spaces="163"> </carpark>
    <carpark name="GREENRCS" spaces=" "> </carpark>
    <carpark name="DRURY" spaces="60"> </carpark>
    <carpark name="B/THOMAS" spaces="234"> </carpark>
  </Southeast>

  <Timestamp>15:30:50 on Tuesday 28/05/2019</Timestamp>
</carparkData>
