<?xml version="1.0" encoding="ISO-8859-1"?>

<carparkData>
  <Northwest>
    <carpark name="PARNELL" spaces="371"> </carpark>
    <carpark name="ILAC" spaces="978"> </carpark>
    <carpark name="JERVIS" spaces="959"> </carpark>
    <carpark name="ARNOTTS" spaces="324"> </carpark>
  </Northwest>

  <Northeast>
    <carpark name="MARLBORO" spaces="288"> </carpark>
    <carpark name="ABBEY" spaces=" "> </carpark>
  </Northeast>

  <Southwest>
    <carpark name="THOMASST" spaces="224"> </carpark>
    <carpark name="C/CHURCH" spaces="152"> </carpark>
  </Southwest>

  <Southeast>
    <carpark name="SETANTA" spaces="110"> </carpark>
    <carpark name="DAWSON" spaces="291"> </carpark>
    <carpark name="TRINITY" spaces="247"> </carpark>
    <carpark name="GREENRCS" spaces="1011"> </carpark>
    <carpark name="DRURY" spaces="307"> </carpark>
    <carpark name="B/THOMAS" spaces=" "> </carpark>
  </Southeast>

  <Timestamp>07:50:50 on Tuesday 28/05/2019</Timestamp>
</carparkData>
