<?xml version="1.0" encoding="ISO-8859-1"?>

<carparkData>
  <Northwest>
    <carpark name="PARNELL" spaces="119"> </carpark>
    <carpark name="ILAC" spaces="698"> </carpark>
    <carpark name="JERVIS" spaces="510"> </carpark>
    <carpark name="ARNOTTS" spaces="321"> </carpark>
  </Northwest>

  <Northeast>
    <carpark name="MARLBORO" spaces="158"> </carpark>
    <carpark name="ABBEY" spaces=" "> </carpark>
  </Northeast>

  <Southwest>
    <carpark name="THOMASST" spaces="168"> </carpark>
    <carpark name="C/CHURCH" spaces="43"> </carpark>
  </Southwest>

  <Southeast>
    <carpark name="SETANTA" spaces=" "> </carpark>
    <carpark name="DAWSON" spaces="56"> </carpark>
    <carpark name="TRINITY" spaces="143"> </carpark>
    <carpark name="GREENRCS" spaces=" "> </carpark>
    <carpark name="DRURY" spaces="37"> </carpark>
    <carpark name="B/THOMAS" spaces="211"> </carpark>
  </Southeast>

  <Timestamp>12:50:50 on Tuesday 28/05/2019</Timestamp>
</carparkData>
