<?xml version="1.0" encoding="ISO-8859-1"?>

<carparkData>
  <Northwest>
    <carpark name="PARNELL" spaces="190"> </carpark>
    <carpark name="ILAC" spaces="882"> </carpark>
    <carpark name="JERVIS" spaces="739"> </carpark>
    <carpark name="ARNOTTS" spaces="316"> </carpark>
  </Northwest>

  <Northeast>
    <carpark name="MARLBORO" spaces="193"> </carpark>
    <carpark name="ABBEY" spaces=" "> </carpark>
  </Northeast>

  <Southwest>
    <carpark name="THOMASST" spaces="202"> </carpark>
    <carpark name="C/CHURCH" spaces="91"> </carpark>
  </Southwest>

  <Southeast>
    <carpark name="SETANTA" spaces=" "> </carpark>
    <carpark name="DAWSON" spaces="158"> </carpark>
    <carpark name="TRINITY" spaces="200"> </carpark>
    <carpark name="GREENRCS" spaces="742"> </carpark>
    <carpark name="DRURY" spaces="172"> </carpark>
    <carpark name="B/THOMAS" spaces="340"> </carpark>
  </Southeast>

  <Timestamp>09:52:50 on Tuesday 28/05/2019</Timestamp>
</carparkData>
