<?xml version="1.0" encoding="ISO-8859-1"?>

<carparkData>
  <Northwest>
    <carpark name="PARNELL" spaces="460"> </carpark>
    <carpark name="ILAC" spaces=" "> </carpark>
    <carpark name="JERVIS" spaces=" "> </carpark>
    <carpark name="ARNOTTS" spaces=" "> </carpark>
  </Northwest>

  <Northeast>
    <carpark name="MARLBORO" spaces="301"> </carpark>
    <carpark name="ABBEY" spaces=" "> </carpark>
  </Northeast>

  <Southwest>
    <carpark name="THOMASST" spaces=" "> </carpark>
    <carpark name="C/CHURCH" spaces="134"> </carpark>
  </Southwest>

  <Southeast>
    <carpark name="SETANTA" spaces="153"> </carpark>
    <carpark name="DAWSON" spaces="343"> </carpark>
    <carpark name="TRINITY" spaces="270"> </carpark>
    <carpark name="GREENRCS" spaces="1207"> </carpark>
    <carpark name="DRURY" spaces="366"> </carpark>
    <carpark name="B/THOMAS" spaces="373"> </carpark>
  </Southeast>

  <Timestamp>22:30:50 on Tuesday 28/05/2019</Timestamp>
</carparkData>
