<?xml version="1.0" encoding="ISO-8859-1"?>

<carparkData>
  <Northwest>
    <carpark name="PARNELL" spaces="176"> </carpark>
    <carpark name="ILAC" spaces="799"> </carpark>
    <carpark name="JERVIS" spaces="455"> </carpark>
    <carpark name="ARNOTTS" spaces="211"> </carpark>
  </Northwest>

  <Northeast>
    <carpark name="MARLBORO" spaces="194"> </carpark>
    <carpark name="ABBEY" spaces=" "> </carpark>
  </Northeast>

  <Southwest>
    <carpark name="THOMASST" spaces="182"> </carpark>
    <carpark name="C/CHURCH" spaces="68"> </carpark>
  </Southwest>

  <Southeast>
    <carpark name="SETANTA" spaces="20"> </carpark>
    <carpark name="DAWSON" spaces="100"> </carpark>
    <carpark name="TRINITY" spaces="175"> </carpark>
    <carpark name="GREENRCS" spaces="705"> </carpark>
    <carpark name="DRURY" spaces="75"> </carpark>
    <carpark name="B/THOMAS" spaces="245"> </carpark>
  </Southeast>

  <Timestamp>15:46:50 on Tuesday 28/05/2019</Timestamp>
</carparkData>
