<?xml version="1.0" encoding="ISO-8859-1"?>

<carparkData>
  <Northwest>
    <carpark name="PARNELL" spaces="315"> </carpark>
    <carpark name="ILAC" spaces="911"> </carpark>
    <carpark name="JERVIS" spaces="541"> </carpark>
    <carpark name="ARNOTTS" spaces="290"> </carpark>
  </Northwest>

  <Northeast>
    <carpark name="MARLBORO" spaces="277"> </carpark>
    <carpark name="ABBEY" spaces=" "> </carpark>
  </Northeast>

  <Southwest>
    <carpark name="THOMASST" spaces="229"> </carpark>
    <carpark name="C/CHURCH" spaces="117"> </carpark>
  </Southwest>

  <Southeast>
    <carpark name="SETANTA" spaces="108"> </carpark>
    <carpark name="DAWSON" spaces="232"> </carpark>
    <carpark name="TRINITY" spaces="221"> </carpark>
    <carpark name="GREENRCS" spaces=" "> </carpark>
    <carpark name="DRURY" spaces="150"> </carpark>
    <carpark name="B/THOMAS" spaces="305"> </carpark>
  </Southeast>

  <Timestamp>18:06:50 on Tuesday 28/05/2019</Timestamp>
</carparkData>
