<?xml version="1.0" encoding="ISO-8859-1"?>

<carparkData>
  <Northwest>
    <carpark name="PARNELL" spaces="120"> </carpark>
    <carpark name="ILAC" spaces="708"> </carpark>
    <carpark name="JERVIS" spaces="501"> </carpark>
    <carpark name="ARNOTTS" spaces="328"> </carpark>
  </Northwest>

  <Northeast>
    <carpark name="MARLBORO" spaces="165"> </carpark>
    <carpark name="ABBEY" spaces=" "> </carpark>
  </Northeast>

  <Southwest>
    <carpark name="THOMASST" spaces="168"> </carpark>
    <carpark name="C/CHURCH" spaces="48"> </carpark>
  </Southwest>

  <Southeast>
    <carpark name="SETANTA" spaces="14"> </carpark>
    <carpark name="DAWSON" spaces="50"> </carpark>
    <carpark name="TRINITY" spaces="145"> </carpark>
    <carpark name="GREENRCS" spaces=" "> </carpark>
    <carpark name="DRURY" spaces="43"> </carpark>
    <carpark name="B/THOMAS" spaces="211"> </carpark>
  </Southeast>

  <Timestamp>13:06:50 on Tuesday 28/05/2019</Timestamp>
</carparkData>
