<?xml version="1.0" encoding="ISO-8859-1"?>

<carparkData>
  <Northwest>
    <carpark name="PARNELL" spaces="272"> </carpark>
    <carpark name="ILAC" spaces="866"> </carpark>
    <carpark name="JERVIS" spaces="497"> </carpark>
    <carpark name="ARNOTTS" spaces="258"> </carpark>
  </Northwest>

  <Northeast>
    <carpark name="MARLBORO" spaces="248"> </carpark>
    <carpark name="ABBEY" spaces=" "> </carpark>
  </Northeast>

  <Southwest>
    <carpark name="THOMASST" spaces="220"> </carpark>
    <carpark name="C/CHURCH" spaces="112"> </carpark>
  </Southwest>

  <Southeast>
    <carpark name="SETANTA" spaces="75"> </carpark>
    <carpark name="DAWSON" spaces="191"> </carpark>
    <carpark name="TRINITY" spaces="208"> </carpark>
    <carpark name="GREENRCS" spaces="918"> </carpark>
    <carpark name="DRURY" spaces="165"> </carpark>
    <carpark name="B/THOMAS" spaces=" "> </carpark>
  </Southeast>

  <Timestamp>17:16:50 on Tuesday 28/05/2019</Timestamp>
</carparkData>
