<?xml version="1.0" encoding="ISO-8859-1"?>

<carparkData>
  <Northwest>
    <carpark name="PARNELL" spaces="339"> </carpark>
    <carpark name="ILAC" spaces=" "> </carpark>
    <carpark name="JERVIS" spaces=" "> </carpark>
    <carpark name="ARNOTTS" spaces="319"> </carpark>
  </Northwest>

  <Northeast>
    <carpark name="MARLBORO" spaces="293"> </carpark>
    <carpark name="ABBEY" spaces=" "> </carpark>
  </Northeast>

  <Southwest>
    <carpark name="THOMASST" spaces=" "> </carpark>
    <carpark name="C/CHURCH" spaces="128"> </carpark>
  </Southwest>

  <Southeast>
    <carpark name="SETANTA" spaces=" "> </carpark>
    <carpark name="DAWSON" spaces="266"> </carpark>
    <carpark name="TRINITY" spaces="238"> </carpark>
    <carpark name="GREENRCS" spaces="1171"> </carpark>
    <carpark name="DRURY" spaces="198"> </carpark>
    <carpark name="B/THOMAS" spaces="316"> </carpark>
  </Southeast>

  <Timestamp>19:06:50 on Tuesday 28/05/2019</Timestamp>
</carparkData>
