<?xml version="1.0" encoding="ISO-8859-1"?>

<carparkData>
  <Northwest>
    <carpark name="PARNELL" spaces="254"> </carpark>
    <carpark name="ILAC" spaces="855"> </carpark>
    <carpark name="JERVIS" spaces="473"> </carpark>
    <carpark name="ARNOTTS" spaces="252"> </carpark>
  </Northwest>

  <Northeast>
    <carpark name="MARLBORO" spaces="238"> </carpark>
    <carpark name="ABBEY" spaces=" "> </carpark>
  </Northeast>

  <Southwest>
    <carpark name="THOMASST" spaces="206"> </carpark>
    <carpark name="C/CHURCH" spaces="107"> </carpark>
  </Southwest>

  <Southeast>
    <carpark name="SETANTA" spaces="66"> </carpark>
    <carpark name="DAWSON" spaces="172"> </carpark>
    <carpark name="TRINITY" spaces="204"> </carpark>
    <carpark name="GREENRCS" spaces=" "> </carpark>
    <carpark name="DRURY" spaces="147"> </carpark>
    <carpark name="B/THOMAS" spaces="286"> </carpark>
  </Southeast>

  <Timestamp>17:00:50 on Tuesday 28/05/2019</Timestamp>
</carparkData>
