<?xml version="1.0" encoding="ISO-8859-1"?>

<carparkData>
  <Northwest>
    <carpark name="PARNELL" spaces="132"> </carpark>
    <carpark name="ILAC" spaces="749"> </carpark>
    <carpark name="JERVIS" spaces="642"> </carpark>
    <carpark name="ARNOTTS" spaces="300"> </carpark>
  </Northwest>

  <Northeast>
    <carpark name="MARLBORO" spaces="169"> </carpark>
    <carpark name="ABBEY" spaces=" "> </carpark>
  </Northeast>

  <Southwest>
    <carpark name="THOMASST" spaces="179"> </carpark>
    <carpark name="C/CHURCH" spaces="52"> </carpark>
  </Southwest>

  <Southeast>
    <carpark name="SETANTA" spaces="24"> </carpark>
    <carpark name="DAWSON" spaces="78"> </carpark>
    <carpark name="TRINITY" spaces="166"> </carpark>
    <carpark name="GREENRCS" spaces="637"> </carpark>
    <carpark name="DRURY" spaces="86"> </carpark>
    <carpark name="B/THOMAS" spaces="255"> </carpark>
  </Southeast>

  <Timestamp>11:00:50 on Tuesday 28/05/2019</Timestamp>
</carparkData>
