<?xml version="1.0" encoding="ISO-8859-1"?>

<carparkData>
  <Northwest>
    <carpark name="PARNELL" spaces="122"> </carpark>
    <carpark name="ILAC" spaces="694"> </carpark>
    <carpark name="JERVIS" spaces="549"> </carpark>
    <carpark name="ARNOTTS" spaces="306"> </carpark>
  </Northwest>

  <Northeast>
    <carpark name="MARLBORO" spaces="161"> </carpark>
    <carpark name="ABBEY" spaces=" "> </carpark>
  </Northeast>

  <Southwest>
    <carpark name="THOMASST" spaces="168"> </carpark>
    <carpark name="C/CHURCH" spaces="43"> </carpark>
  </Southwest>

  <Southeast>
    <carpark name="SETANTA" spaces="10"> </carpark>
    <carpark name="DAWSON" spaces="56"> </carpark>
    <carpark name="TRINITY" spaces="152"> </carpark>
    <carpark name="GREENRCS" spaces=" "> </carpark>
    <carpark name="DRURY" spaces="39"> </carpark>
    <carpark name="B/THOMAS" spaces="217"> </carpark>
  </Southeast>

  <Timestamp>12:12:50 on Tuesday 28/05/2019</Timestamp>
</carparkData>
