<?xml version="1.0" encoding="ISO-8859-1"?>

<carparkData>
  <Northwest>
    <carpark name="PARNELL" spaces="336"> </carpark>
    <carpark name="ILAC" spaces="939"> </carpark>
    <carpark name="JERVIS" spaces="572"> </carpark>
    <carpark name="ARNOTTS" spaces="306"> </carpark>
  </Northwest>

  <Northeast>
    <carpark name="MARLBORO" spaces="283"> </carpark>
    <carpark name="ABBEY" spaces=" "> </carpark>
  </Northeast>

  <Southwest>
    <carpark name="THOMASST" spaces="237"> </carpark>
    <carpark name="C/CHURCH" spaces="118"> </carpark>
  </Southwest>

  <Southeast>
    <carpark name="SETANTA" spaces="113"> </carpark>
    <carpark name="DAWSON" spaces="247"> </carpark>
    <carpark name="TRINITY" spaces="235"> </carpark>
    <carpark name="GREENRCS" spaces=" "> </carpark>
    <carpark name="DRURY" spaces="176"> </carpark>
    <carpark name="B/THOMAS" spaces="315"> </carpark>
  </Southeast>

  <Timestamp>18:36:50 on Tuesday 28/05/2019</Timestamp>
</carparkData>
