<?xml version="1.0" encoding="ISO-8859-1"?>

<carparkData>
  <Northwest>
    <carpark name="PARNELL" spaces="124"> </carpark>
    <carpark name="ILAC" spaces="731"> </carpark>
    <carpark name="JERVIS" spaces="465"> </carpark>
    <carpark name="ARNOTTS" spaces="175"> </carpark>
  </Northwest>

  <Northeast>
    <carpark name="MARLBORO" spaces="173"> </carpark>
    <carpark name="ABBEY" spaces=" "> </carpark>
  </Northeast>

  <Southwest>
    <carpark name="THOMASST" spaces="166"> </carpark>
    <carpark name="C/CHURCH" spaces="47"> </carpark>
  </Southwest>

  <Southeast>
    <carpark name="SETANTA" spaces="7"> </carpark>
    <carpark name="DAWSON" spaces="63"> </carpark>
    <carpark name="TRINITY" spaces="139"> </carpark>
    <carpark name="GREENRCS" spaces=" "> </carpark>
    <carpark name="DRURY" spaces="40"> </carpark>
    <carpark name="B/THOMAS" spaces="204"> </carpark>
  </Southeast>

  <Timestamp>14:06:50 on Tuesday 28/05/2019</Timestamp>
</carparkData>
