<?xml version="1.0" encoding="ISO-8859-1"?>

<carparkData>
  <Northwest>
    <carpark name="PARNELL" spaces="286"> </carpark>
    <carpark name="ILAC" spaces="947"> </carpark>
    <carpark name="JERVIS" spaces="881"> </carpark>
    <carpark name="ARNOTTS" spaces="319"> </carpark>
  </Northwest>

  <Northeast>
    <carpark name="MARLBORO" spaces="245"> </carpark>
    <carpark name="ABBEY" spaces=" "> </carpark>
  </Northeast>

  <Southwest>
    <carpark name="THOMASST" spaces="216"> </carpark>
    <carpark name="C/CHURCH" spaces="128"> </carpark>
  </Southwest>

  <Southeast>
    <carpark name="SETANTA" spaces="75"> </carpark>
    <carpark name="DAWSON" spaces="217"> </carpark>
    <carpark name="TRINITY" spaces="225"> </carpark>
    <carpark name="GREENRCS" spaces="880"> </carpark>
    <carpark name="DRURY" spaces="244"> </carpark>
    <carpark name="B/THOMAS" spaces="370"> </carpark>
  </Southeast>

  <Timestamp>08:46:50 on Tuesday 28/05/2019</Timestamp>
</carparkData>
