<?xml version="1.0" encoding="ISO-8859-1"?>

<carparkData>
  <Northwest>
    <carpark name="PARNELL" spaces="156"> </carpark>
    <carpark name="ILAC" spaces="777"> </carpark>
    <carpark name="JERVIS" spaces="439"> </carpark>
    <carpark name="ARNOTTS" spaces="199"> </carpark>
  </Northwest>

  <Northeast>
    <carpark name="MARLBORO" spaces="184"> </carpark>
    <carpark name="ABBEY" spaces=" "> </carpark>
  </Northeast>

  <Southwest>
    <carpark name="THOMASST" spaces="173"> </carpark>
    <carpark name="C/CHURCH" spaces="54"> </carpark>
  </Southwest>

  <Southeast>
    <carpark name="SETANTA" spaces="19"> </carpark>
    <carpark name="DAWSON" spaces="83"> </carpark>
    <carpark name="TRINITY" spaces="161"> </carpark>
    <carpark name="GREENRCS" spaces=" "> </carpark>
    <carpark name="DRURY" spaces="56"> </carpark>
    <carpark name="B/THOMAS" spaces="232"> </carpark>
  </Southeast>

  <Timestamp>15:20:50 on Tuesday 28/05/2019</Timestamp>
</carparkData>
