<?xml version="1.0" encoding="ISO-8859-1"?>

<carparkData>
  <Northwest>
    <carpark name="PARNELL" spaces="254"> </carpark>
    <carpark name="ILAC" spaces="939"> </carpark>
    <carpark name="JERVIS" spaces="846"> </carpark>
    <carpark name="ARNOTTS" spaces="318"> </carpark>
  </Northwest>

  <Northeast>
    <carpark name="MARLBORO" spaces="234"> </carpark>
    <carpark name="ABBEY" spaces=" "> </carpark>
  </Northeast>

  <Southwest>
    <carpark name="THOMASST" spaces="214"> </carpark>
    <carpark name="C/CHURCH" spaces="125"> </carpark>
  </Southwest>

  <Southeast>
    <carpark name="SETANTA" spaces="64"> </carpark>
    <carpark name="DAWSON" spaces="200"> </carpark>
    <carpark name="TRINITY" spaces="210"> </carpark>
    <carpark name="GREENRCS" spaces=" "> </carpark>
    <carpark name="DRURY" spaces="232"> </carpark>
    <carpark name="B/THOMAS" spaces="365"> </carpark>
  </Southeast>

  <Timestamp>09:00:50 on Tuesday 28/05/2019</Timestamp>
</carparkData>
