<?xml version="1.0" encoding="ISO-8859-1"?>

<carparkData>
  <Northwest>
    <carpark name="PARNELL" spaces="356"> </carpark>
    <carpark name="ILAC" spaces=" "> </carpark>
    <carpark name="JERVIS" spaces=" "> </carpark>
    <carpark name="ARNOTTS" spaces=" "> </carpark>
  </Northwest>

  <Northeast>
    <carpark name="MARLBORO" spaces="296"> </carpark>
    <carpark name="ABBEY" spaces=" "> </carpark>
  </Northeast>

  <Southwest>
    <carpark name="THOMASST" spaces=" "> </carpark>
    <carpark name="C/CHURCH" spaces="118"> </carpark>
  </Southwest>

  <Southeast>
    <carpark name="SETANTA" spaces="124"> </carpark>
    <carpark name="DAWSON" spaces="292"> </carpark>
    <carpark name="TRINITY" spaces="227"> </carpark>
    <carpark name="GREENRCS" spaces="1204"> </carpark>
    <carpark name="DRURY" spaces="237"> </carpark>
    <carpark name="B/THOMAS" spaces="345"> </carpark>
  </Southeast>

  <Timestamp>20:20:50 on Tuesday 28/05/2019</Timestamp>
</carparkData>
