<?xml version="1.0" encoding="ISO-8859-1"?>

<carparkData>
  <Northwest>
    <carpark name="PARNELL" spaces="230"> </carpark>
    <carpark name="ILAC" spaces="928"> </carpark>
    <carpark name="JERVIS" spaces="820"> </carpark>
    <carpark name="ARNOTTS" spaces="315"> </carpark>
  </Northwest>

  <Northeast>
    <carpark name="MARLBORO" spaces="228"> </carpark>
    <carpark name="ABBEY" spaces=" "> </carpark>
  </Northeast>

  <Southwest>
    <carpark name="THOMASST" spaces="212"> </carpark>
    <carpark name="C/CHURCH" spaces="118"> </carpark>
  </Southwest>

  <Southeast>
    <carpark name="SETANTA" spaces="59"> </carpark>
    <carpark name="DAWSON" spaces="188"> </carpark>
    <carpark name="TRINITY" spaces="206"> </carpark>
    <carpark name="GREENRCS" spaces=" "> </carpark>
    <carpark name="DRURY" spaces="212"> </carpark>
    <carpark name="B/THOMAS" spaces="366"> </carpark>
  </Southeast>

  <Timestamp>09:16:50 on Tuesday 28/05/2019</Timestamp>
</carparkData>
