<?xml version="1.0" encoding="ISO-8859-1"?>

<carparkData>
  <Northwest>
    <carpark name="PARNELL" spaces="124"> </carpark>
    <carpark name="ILAC" spaces="701"> </carpark>
    <carpark name="JERVIS" spaces="522"> </carpark>
    <carpark name="ARNOTTS" spaces="318"> </carpark>
  </Northwest>

  <Northeast>
    <carpark name="MARLBORO" spaces="154"> </carpark>
    <carpark name="ABBEY" spaces=" "> </carpark>
  </Northeast>

  <Southwest>
    <carpark name="THOMASST" spaces="167"> </carpark>
    <carpark name="C/CHURCH" spaces="46"> </carpark>
  </Southwest>

  <Southeast>
    <carpark name="SETANTA" spaces="9"> </carpark>
    <carpark name="DAWSON" spaces="58"> </carpark>
    <carpark name="TRINITY" spaces="143"> </carpark>
    <carpark name="GREENRCS" spaces=" "> </carpark>
    <carpark name="DRURY" spaces="40"> </carpark>
    <carpark name="B/THOMAS" spaces="208"> </carpark>
  </Southeast>

  <Timestamp>12:36:50 on Tuesday 28/05/2019</Timestamp>
</carparkData>
