<?xml version="1.0" encoding="ISO-8859-1"?>

<carparkData>
  <Northwest>
    <carpark name="PARNELL" spaces="344"> </carpark>
    <carpark name="ILAC" spaces="969"> </carpark>
    <carpark name="JERVIS" spaces="941"> </carpark>
    <carpark name="ARNOTTS" spaces="322"> </carpark>
  </Northwest>

  <Northeast>
    <carpark name="MARLBORO" spaces="275"> </carpark>
    <carpark name="ABBEY" spaces=" "> </carpark>
  </Northeast>

  <Southwest>
    <carpark name="THOMASST" spaces="222"> </carpark>
    <carpark name="C/CHURCH" spaces="142"> </carpark>
  </Southwest>

  <Southeast>
    <carpark name="SETANTA" spaces="105"> </carpark>
    <carpark name="DAWSON" spaces="266"> </carpark>
    <carpark name="TRINITY" spaces="239"> </carpark>
    <carpark name="GREENRCS" spaces=" "> </carpark>
    <carpark name="DRURY" spaces="285"> </carpark>
    <carpark name="B/THOMAS" spaces="379"> </carpark>
  </Southeast>

  <Timestamp>08:06:50 on Tuesday 28/05/2019</Timestamp>
</carparkData>
