<?xml version="1.0" encoding="ISO-8859-1"?>

<carparkData>
  <Northwest>
    <carpark name="PARNELL" spaces="140"> </carpark>
    <carpark name="ILAC" spaces="758"> </carpark>
    <carpark name="JERVIS" spaces="443"> </carpark>
    <carpark name="ARNOTTS" spaces="188"> </carpark>
  </Northwest>

  <Northeast>
    <carpark name="MARLBORO" spaces="173"> </carpark>
    <carpark name="ABBEY" spaces=" "> </carpark>
  </Northeast>

  <Southwest>
    <carpark name="THOMASST" spaces="171"> </carpark>
    <carpark name="C/CHURCH" spaces="42"> </carpark>
  </Southwest>

  <Southeast>
    <carpark name="SETANTA" spaces="16"> </carpark>
    <carpark name="DAWSON" spaces="83"> </carpark>
    <carpark name="TRINITY" spaces="146"> </carpark>
    <carpark name="GREENRCS" spaces=" "> </carpark>
    <carpark name="DRURY" spaces="51"> </carpark>
    <carpark name="B/THOMAS" spaces="216"> </carpark>
  </Southeast>

  <Timestamp>14:46:50 on Tuesday 28/05/2019</Timestamp>
</carparkData>
