<?xml version="1.0" encoding="ISO-8859-1"?>

<carparkData>
  <Northwest>
    <carpark name="PARNELL" spaces="119"> </carpark>
    <carpark name="ILAC" spaces="685"> </carpark>
    <carpark name="JERVIS" spaces="560"> </carpark>
    <carpark name="ARNOTTS" spaces="304"> </carpark>
  </Northwest>

  <Northeast>
    <carpark name="MARLBORO" spaces="158"> </carpark>
    <carpark name="ABBEY" spaces=" "> </carpark>
  </Northeast>

  <Southwest>
    <carpark name="THOMASST" spaces="169"> </carpark>
    <carpark name="C/CHURCH" spaces="40"> </carpark>
  </Southwest>

  <Southeast>
    <carpark name="SETANTA" spaces="11"> </carpark>
    <carpark name="DAWSON" spaces="61"> </carpark>
    <carpark name="TRINITY" spaces="155"> </carpark>
    <carpark name="GREENRCS" spaces=" "> </carpark>
    <carpark name="DRURY" spaces="36"> </carpark>
    <carpark name="B/THOMAS" spaces="219"> </carpark>
  </Southeast>

  <Timestamp>12:00:50 on Tuesday 28/05/2019</Timestamp>
</carparkData>
