<?xml version="1.0" encoding="ISO-8859-1"?>

<carparkData>
  <Northwest>
    <carpark name="PARNELL" spaces="198"> </carpark>
    <carpark name="ILAC" spaces="823"> </carpark>
    <carpark name="JERVIS" spaces="458"> </carpark>
    <carpark name="ARNOTTS" spaces="233"> </carpark>
  </Northwest>

  <Northeast>
    <carpark name="MARLBORO" spaces="199"> </carpark>
    <carpark name="ABBEY" spaces=" "> </carpark>
  </Northeast>

  <Southwest>
    <carpark name="THOMASST" spaces="191"> </carpark>
    <carpark name="C/CHURCH" spaces="78"> </carpark>
  </Southwest>

  <Southeast>
    <carpark name="SETANTA" spaces="37"> </carpark>
    <carpark name="DAWSON" spaces="120"> </carpark>
    <carpark name="TRINITY" spaces="184"> </carpark>
    <carpark name="GREENRCS" spaces=" "> </carpark>
    <carpark name="DRURY" spaces="121"> </carpark>
    <carpark name="B/THOMAS" spaces="258"> </carpark>
  </Southeast>

  <Timestamp>16:16:50 on Tuesday 28/05/2019</Timestamp>
</carparkData>
