<?xml version="1.0" encoding="ISO-8859-1"?>

<carparkData>
  <Northwest>
    <carpark name="PARNELL" spaces="272"> </carpark>
    <carpark name="ILAC" spaces="870"> </carpark>
    <carpark name="JERVIS" spaces="501"> </carpark>
    <carpark name="ARNOTTS" spaces="259"> </carpark>
  </Northwest>

  <Northeast>
    <carpark name="MARLBORO" spaces="253"> </carpark>
    <carpark name="ABBEY" spaces=" "> </carpark>
  </Northeast>

  <Southwest>
    <carpark name="THOMASST" spaces="222"> </carpark>
    <carpark name="C/CHURCH" spaces="116"> </carpark>
  </Southwest>

  <Southeast>
    <carpark name="SETANTA" spaces="80"> </carpark>
    <carpark name="DAWSON" spaces="195"> </carpark>
    <carpark name="TRINITY" spaces="212"> </carpark>
    <carpark name="GREENRCS" spaces=" "> </carpark>
    <carpark name="DRURY" spaces="165"> </carpark>
    <carpark name="B/THOMAS" spaces="293"> </carpark>
  </Southeast>

  <Timestamp>17:20:50 on Tuesday 28/05/2019</Timestamp>
</carparkData>
