<?xml version="1.0" encoding="ISO-8859-1"?>

<carparkData>
  <Northwest>
    <carpark name="PARNELL" spaces="224"> </carpark>
    <carpark name="ILAC" spaces="845"> </carpark>
    <carpark name="JERVIS" spaces="467"> </carpark>
    <carpark name="ARNOTTS" spaces="238"> </carpark>
  </Northwest>

  <Northeast>
    <carpark name="MARLBORO" spaces="220"> </carpark>
    <carpark name="ABBEY" spaces=" "> </carpark>
  </Northeast>

  <Southwest>
    <carpark name="THOMASST" spaces="201"> </carpark>
    <carpark name="C/CHURCH" spaces="99"> </carpark>
  </Southwest>

  <Southeast>
    <carpark name="SETANTA" spaces=" "> </carpark>
    <carpark name="DAWSON" spaces="145"> </carpark>
    <carpark name="TRINITY" spaces="192"> </carpark>
    <carpark name="GREENRCS" spaces="827"> </carpark>
    <carpark name="DRURY" spaces="130"> </carpark>
    <carpark name="B/THOMAS" spaces="270"> </carpark>
  </Southeast>

  <Timestamp>16:36:50 on Tuesday 28/05/2019</Timestamp>
</carparkData>
