<?xml version="1.0" encoding="ISO-8859-1"?>

<carparkData>
  <Northwest>
    <carpark name="PARNELL" spaces="122"> </carpark>
    <carpark name="ILAC" spaces="700"> </carpark>
    <carpark name="JERVIS" spaces="505"> </carpark>
    <carpark name="ARNOTTS" spaces="324"> </carpark>
  </Northwest>

  <Northeast>
    <carpark name="MARLBORO" spaces="163"> </carpark>
    <carpark name="ABBEY" spaces=" "> </carpark>
  </Northeast>

  <Southwest>
    <carpark name="THOMASST" spaces="167"> </carpark>
    <carpark name="C/CHURCH" spaces="49"> </carpark>
  </Southwest>

  <Southeast>
    <carpark name="SETANTA" spaces="11"> </carpark>
    <carpark name="DAWSON" spaces="52"> </carpark>
    <carpark name="TRINITY" spaces="143"> </carpark>
    <carpark name="GREENRCS" spaces=" "> </carpark>
    <carpark name="DRURY" spaces="38"> </carpark>
    <carpark name="B/THOMAS" spaces="207"> </carpark>
  </Southeast>

  <Timestamp>13:00:50 on Tuesday 28/05/2019</Timestamp>
</carparkData>
