<?xml version="1.0" encoding="ISO-8859-1"?>

<carparkData>
  <Northwest>
    <carpark name="PARNELL" spaces="326"> </carpark>
    <carpark name="ILAC" spaces="965"> </carpark>
    <carpark name="JERVIS" spaces="919"> </carpark>
    <carpark name="ARNOTTS" spaces="319"> </carpark>
  </Northwest>

  <Northeast>
    <carpark name="MARLBORO" spaces="263"> </carpark>
    <carpark name="ABBEY" spaces=" "> </carpark>
  </Northeast>

  <Southwest>
    <carpark name="THOMASST" spaces="220"> </carpark>
    <carpark name="C/CHURCH" spaces="137"> </carpark>
  </Southwest>

  <Southeast>
    <carpark name="SETANTA" spaces="93"> </carpark>
    <carpark name="DAWSON" spaces="251"> </carpark>
    <carpark name="TRINITY" spaces="235"> </carpark>
    <carpark name="GREENRCS" spaces=" "> </carpark>
    <carpark name="DRURY" spaces="278"> </carpark>
    <carpark name="B/THOMAS" spaces=" "> </carpark>
  </Southeast>

  <Timestamp>08:20:50 on Tuesday 28/05/2019</Timestamp>
</carparkData>
