<?xml version="1.0" encoding="ISO-8859-1"?>

<carparkData>
  <Northwest>
    <carpark name="PARNELL" spaces="119"> </carpark>
    <carpark name="ILAC" spaces="692"> </carpark>
    <carpark name="JERVIS" spaces="557"> </carpark>
    <carpark name="ARNOTTS" spaces="307"> </carpark>
  </Northwest>

  <Northeast>
    <carpark name="MARLBORO" spaces="160"> </carpark>
    <carpark name="ABBEY" spaces=" "> </carpark>
  </Northeast>

  <Southwest>
    <carpark name="THOMASST" spaces="167"> </carpark>
    <carpark name="C/CHURCH" spaces="39"> </carpark>
  </Southwest>

  <Southeast>
    <carpark name="SETANTA" spaces="12"> </carpark>
    <carpark name="DAWSON" spaces="54"> </carpark>
    <carpark name="TRINITY" spaces="153"> </carpark>
    <carpark name="GREENRCS" spaces=" "> </carpark>
    <carpark name="DRURY" spaces="42"> </carpark>
    <carpark name="B/THOMAS" spaces="218"> </carpark>
  </Southeast>

  <Timestamp>12:06:50 on Tuesday 28/05/2019</Timestamp>
</carparkData>
