<?xml version="1.0" encoding="ISO-8859-1"?>

<carparkData>
  <Northwest>
    <carpark name="PARNELL" spaces="380"> </carpark>
    <carpark name="ILAC" spaces="981"> </carpark>
    <carpark name="JERVIS" spaces="967"> </carpark>
    <carpark name="ARNOTTS" spaces="323"> </carpark>
  </Northwest>

  <Northeast>
    <carpark name="MARLBORO" spaces="287"> </carpark>
    <carpark name="ABBEY" spaces=" "> </carpark>
  </Northeast>

  <Southwest>
    <carpark name="THOMASST" spaces="224"> </carpark>
    <carpark name="C/CHURCH" spaces="153"> </carpark>
  </Southwest>

  <Southeast>
    <carpark name="SETANTA" spaces="114"> </carpark>
    <carpark name="DAWSON" spaces="296"> </carpark>
    <carpark name="TRINITY" spaces="249"> </carpark>
    <carpark name="GREENRCS" spaces="1022"> </carpark>
    <carpark name="DRURY" spaces="312"> </carpark>
    <carpark name="B/THOMAS" spaces="377"> </carpark>
  </Southeast>

  <Timestamp>07:46:50 on Tuesday 28/05/2019</Timestamp>
</carparkData>
