<?xml version="1.0" encoding="ISO-8859-1"?>

<carparkData>
  <Northwest>
    <carpark name="PARNELL" spaces="443"> </carpark>
    <carpark name="ILAC" spaces=" "> </carpark>
    <carpark name="JERVIS" spaces=" "> </carpark>
    <carpark name="ARNOTTS" spaces=" "> </carpark>
  </Northwest>

  <Northeast>
    <carpark name="MARLBORO" spaces="297"> </carpark>
    <carpark name="ABBEY" spaces=" "> </carpark>
  </Northeast>

  <Southwest>
    <carpark name="THOMASST" spaces=" "> </carpark>
    <carpark name="C/CHURCH" spaces="128"> </carpark>
  </Southwest>

  <Southeast>
    <carpark name="SETANTA" spaces="148"> </carpark>
    <carpark name="DAWSON" spaces="334"> </carpark>
    <carpark name="TRINITY" spaces="249"> </carpark>
    <carpark name="GREENRCS" spaces=" "> </carpark>
    <carpark name="DRURY" spaces="334"> </carpark>
    <carpark name="B/THOMAS" spaces="362"> </carpark>
  </Southeast>

  <Timestamp>21:46:50 on Tuesday 28/05/2019</Timestamp>
</carparkData>
