<?xml version="1.0" encoding="ISO-8859-1"?>

<carparkData>
  <Northwest>
    <carpark name="PARNELL" spaces="116"> </carpark>
    <carpark name="ILAC" spaces="704"> </carpark>
    <carpark name="JERVIS" spaces="577"> </carpark>
    <carpark name="ARNOTTS" spaces="300"> </carpark>
  </Northwest>

  <Northeast>
    <carpark name="MARLBORO" spaces="166"> </carpark>
    <carpark name="ABBEY" spaces=" "> </carpark>
  </Northeast>

  <Southwest>
    <carpark name="THOMASST" spaces="177"> </carpark>
    <carpark name="C/CHURCH" spaces="35"> </carpark>
  </Southwest>

  <Southeast>
    <carpark name="SETANTA" spaces=" "> </carpark>
    <carpark name="DAWSON" spaces="56"> </carpark>
    <carpark name="TRINITY" spaces="158"> </carpark>
    <carpark name="GREENRCS" spaces=" "> </carpark>
    <carpark name="DRURY" spaces="46"> </carpark>
    <carpark name="B/THOMAS" spaces="224"> </carpark>
  </Southeast>

  <Timestamp>11:36:50 on Tuesday 28/05/2019</Timestamp>
</carparkData>
