<?xml version="1.0" encoding="ISO-8859-1"?>

<carparkData>
  <Northwest>
    <carpark name="PARNELL" spaces="371"> </carpark>
    <carpark name="ILAC" spaces=" "> </carpark>
    <carpark name="JERVIS" spaces=" "> </carpark>
    <carpark name="ARNOTTS" spaces=" "> </carpark>
  </Northwest>

  <Northeast>
    <carpark name="MARLBORO" spaces="302"> </carpark>
    <carpark name="ABBEY" spaces=" "> </carpark>
  </Northeast>

  <Southwest>
    <carpark name="THOMASST" spaces=" "> </carpark>
    <carpark name="C/CHURCH" spaces="121"> </carpark>
  </Southwest>

  <Southeast>
    <carpark name="SETANTA" spaces="136"> </carpark>
    <carpark name="DAWSON" spaces="309"> </carpark>
    <carpark name="TRINITY" spaces="231"> </carpark>
    <carpark name="GREENRCS" spaces=" "> </carpark>
    <carpark name="DRURY" spaces="261"> </carpark>
    <carpark name="B/THOMAS" spaces="355"> </carpark>
  </Southeast>

  <Timestamp>20:50:50 on Tuesday 28/05/2019</Timestamp>
</carparkData>
