<?xml version="1.0" encoding="ISO-8859-1"?>

<carparkData>
  <Northwest>
    <carpark name="PARNELL" spaces="133"> </carpark>
    <carpark name="ILAC" spaces="754"> </carpark>
    <carpark name="JERVIS" spaces="462"> </carpark>
    <carpark name="ARNOTTS" spaces="185"> </carpark>
  </Northwest>

  <Northeast>
    <carpark name="MARLBORO" spaces="177"> </carpark>
    <carpark name="ABBEY" spaces=" "> </carpark>
  </Northeast>

  <Southwest>
    <carpark name="THOMASST" spaces="167"> </carpark>
    <carpark name="C/CHURCH" spaces="45"> </carpark>
  </Southwest>

  <Southeast>
    <carpark name="SETANTA" spaces="8"> </carpark>
    <carpark name="DAWSON" spaces="69"> </carpark>
    <carpark name="TRINITY" spaces="145"> </carpark>
    <carpark name="GREENRCS" spaces=" "> </carpark>
    <carpark name="DRURY" spaces="48"> </carpark>
    <carpark name="B/THOMAS" spaces="212"> </carpark>
  </Southeast>

  <Timestamp>14:30:50 on Tuesday 28/05/2019</Timestamp>
</carparkData>
