<?xml version="1.0" encoding="ISO-8859-1"?>

<carparkData>
  <Northwest>
    <carpark name="PARNELL" spaces="387"> </carpark>
    <carpark name="ILAC" spaces=" "> </carpark>
    <carpark name="JERVIS" spaces=" "> </carpark>
    <carpark name="ARNOTTS" spaces=" "> </carpark>
  </Northwest>

  <Northeast>
    <carpark name="MARLBORO" spaces="290"> </carpark>
    <carpark name="ABBEY" spaces=" "> </carpark>
  </Northeast>

  <Southwest>
    <carpark name="THOMASST" spaces=" "> </carpark>
    <carpark name="C/CHURCH" spaces="126"> </carpark>
  </Southwest>

  <Southeast>
    <carpark name="SETANTA" spaces="139"> </carpark>
    <carpark name="DAWSON" spaces="324"> </carpark>
    <carpark name="TRINITY" spaces="239"> </carpark>
    <carpark name="GREENRCS" spaces=" "> </carpark>
    <carpark name="DRURY" spaces="292"> </carpark>
    <carpark name="B/THOMAS" spaces="359"> </carpark>
  </Southeast>

  <Timestamp>21:16:50 on Tuesday 28/05/2019</Timestamp>
</carparkData>
